2025-01-30 06:19:54.410 +02:00 [INF] Starting Medical Client web application
2025-01-30 06:19:56.942 +02:00 [INF] User authenticated: false, Role: 
2025-01-30 06:23:46.120 +02:00 [INF] User authenticated: true, Role: Patient
2025-01-30 06:23:49.819 +02:00 [INF] Requesting appointments for PatientId: e8d77994-b115-472a-bfd4-5d64d03d4e15
2025-01-30 06:23:50.064 +02:00 [INF] Call failed with gRPC error status. Status code: '"Internal"', Message: 'Error getting appointments'.
2025-01-30 06:23:50.077 +02:00 [ERR] Error getting appointments. Status: Status(StatusCode="Internal", Detail="Error getting appointments")
Grpc.Core.RpcException: Status(StatusCode="Internal", Detail="Error getting appointments")
   at Medical.Client.Services.AppointmentServiceGrpc.GetAppointmentsAsync(AppointmentRequest request) in D:\OtherProjects\MedicalApp\Medical.Client\Services\AppointmentService.cs:line 33
2025-01-30 06:23:50.092 +02:00 [ERR] Error loading appointments for user e8d77994-b115-472a-bfd4-5d64d03d4e15
Grpc.Core.RpcException: Status(StatusCode="Internal", Detail="Error getting appointments")
   at Medical.Client.Services.AppointmentServiceGrpc.GetAppointmentsAsync(AppointmentRequest request) in D:\OtherProjects\MedicalApp\Medical.Client\Services\AppointmentService.cs:line 33
   at Medical.Client.Models.Appointments.MyAppointmentsModel.OnGetAsync() in D:\OtherProjects\MedicalApp\Medical.Client\Models\Appointments\MyAppointmentsModel.cs:line 54
2025-01-30 06:33:04.180 +02:00 [INF] Starting Medical Client web application
2025-01-30 06:33:06.675 +02:00 [INF] User authenticated: true, Role: Patient
2025-01-30 06:33:13.038 +02:00 [INF] Requesting appointments for PatientId: e8d77994-b115-472a-bfd4-5d64d03d4e15
2025-01-30 06:33:13.277 +02:00 [INF] Received 0 appointments
2025-01-30 06:33:37.470 +02:00 [INF] Creating appointment: {"DoctorId":"69fdfb64-2793-4e48-b475-fb47d6dd0030","PatientId":"e8d77994-b115-472a-bfd4-5d64d03d4e15","AppointmentDate":"2025-01-30T10:30:00.0000000Z","Symptoms":"1111","Notes":"1111"}
2025-01-30 06:33:37.482 +02:00 [INF] Creating appointment with token: true
2025-01-30 06:33:39.685 +02:00 [INF] Requesting appointments for PatientId: e8d77994-b115-472a-bfd4-5d64d03d4e15
2025-01-30 06:33:39.703 +02:00 [INF] Received 1 appointments
2025-01-30 06:34:02.013 +02:00 [INF] Creating appointment: {"DoctorId":"69fdfb64-2793-4e48-b475-fb47d6dd0030","PatientId":"e8d77994-b115-472a-bfd4-5d64d03d4e15","AppointmentDate":"2025-01-31T10:30:00.0000000Z","Symptoms":"2222","Notes":"2222"}
2025-01-30 06:34:02.016 +02:00 [INF] Creating appointment with token: true
2025-01-30 06:34:03.498 +02:00 [INF] Requesting appointments for PatientId: e8d77994-b115-472a-bfd4-5d64d03d4e15
2025-01-30 06:34:03.510 +02:00 [INF] Received 2 appointments
2025-01-30 06:34:21.808 +02:00 [INF] Creating appointment: {"DoctorId":"69fdfb64-2793-4e48-b475-fb47d6dd0030","PatientId":"e8d77994-b115-472a-bfd4-5d64d03d4e15","AppointmentDate":"2025-02-01T10:30:00.0000000Z","Symptoms":"3333","Notes":"3333"}
2025-01-30 06:34:21.816 +02:00 [INF] Creating appointment with token: true
2025-01-30 06:34:23.219 +02:00 [INF] Requesting appointments for PatientId: e8d77994-b115-472a-bfd4-5d64d03d4e15
2025-01-30 06:34:23.235 +02:00 [INF] Received 3 appointments
2025-01-30 06:34:33.515 +02:00 [INF] Requesting appointments for PatientId: e8d77994-b115-472a-bfd4-5d64d03d4e15
2025-01-30 06:34:33.529 +02:00 [INF] Received 3 appointments
2025-01-30 06:34:35.880 +02:00 [INF] Cancelling appointment 1e744ae4-186c-4695-8e21-5ad2dfe1971b
2025-01-30 06:34:35.885 +02:00 [INF] Updating appointment 1e744ae4-186c-4695-8e21-5ad2dfe1971b with status "Cancelled"
2025-01-30 06:34:35.944 +02:00 [INF] Successfully updated appointment 1e744ae4-186c-4695-8e21-5ad2dfe1971b
2025-01-30 06:34:35.947 +02:00 [INF] Successfully cancelled appointment 1e744ae4-186c-4695-8e21-5ad2dfe1971b
2025-01-30 06:34:35.961 +02:00 [INF] Requesting appointments for PatientId: e8d77994-b115-472a-bfd4-5d64d03d4e15
2025-01-30 06:34:35.969 +02:00 [INF] Received 3 appointments
2025-01-30 06:34:40.063 +02:00 [INF] Requesting appointments for PatientId: e8d77994-b115-472a-bfd4-5d64d03d4e15
2025-01-30 06:34:40.076 +02:00 [INF] Received 3 appointments
2025-01-30 06:34:43.653 +02:00 [INF] User authenticated: false, Role: 
2025-01-30 06:49:18.321 +02:00 [INF] User authenticated: true, Role: Doctor
2025-01-30 06:49:19.595 +02:00 [INF] Requesting appointments for PatientId: 
2025-01-30 06:49:19.620 +02:00 [INF] Received 3 appointments
2025-01-30 06:49:21.286 +02:00 [INF] Requesting appointments for PatientId: 
2025-01-30 06:49:21.291 +02:00 [INF] Received 3 appointments
2025-01-30 06:49:26.601 +02:00 [INF] Requesting appointments for PatientId: 
2025-01-30 06:49:26.606 +02:00 [INF] Received 3 appointments
2025-01-30 06:49:37.130 +02:00 [INF] Requesting appointments for PatientId: 
2025-01-30 06:49:37.136 +02:00 [INF] Received 3 appointments
2025-01-30 06:49:37.771 +02:00 [INF] Requesting appointments for PatientId: 
2025-01-30 06:49:37.775 +02:00 [INF] Received 3 appointments
2025-01-30 06:49:42.936 +02:00 [INF] Requesting appointments for PatientId: 
2025-01-30 06:49:42.940 +02:00 [INF] Received 3 appointments
2025-01-30 06:49:43.700 +02:00 [INF] Requesting appointments for PatientId: 
2025-01-30 06:49:43.704 +02:00 [INF] Received 3 appointments
2025-01-30 06:50:02.062 +02:00 [INF] Updating appointment 4c7de3a6-b299-4034-944b-d6d83c602453 with status "Completed"
2025-01-30 06:50:02.146 +02:00 [INF] Successfully updated appointment 4c7de3a6-b299-4034-944b-d6d83c602453
2025-01-30 06:50:12.410 +02:00 [INF] Updating appointment 4c7de3a6-b299-4034-944b-d6d83c602453 with status "Completed"
2025-01-30 06:50:12.419 +02:00 [INF] Successfully updated appointment 4c7de3a6-b299-4034-944b-d6d83c602453
2025-01-30 06:50:46.483 +02:00 [INF] Requesting appointments for PatientId: 
2025-01-30 06:50:46.489 +02:00 [INF] Received 3 appointments
2025-01-30 06:50:50.039 +02:00 [INF] Requesting appointments for PatientId: 
2025-01-30 06:50:50.044 +02:00 [INF] Received 3 appointments
2025-01-30 06:50:54.041 +02:00 [INF] Requesting appointments for PatientId: 
2025-01-30 06:50:54.048 +02:00 [INF] Received 3 appointments
2025-01-30 06:50:57.169 +02:00 [INF] Requesting appointments for PatientId: 
2025-01-30 06:50:57.175 +02:00 [INF] Received 3 appointments
2025-01-30 06:50:57.884 +02:00 [INF] Requesting appointments for PatientId: 
2025-01-30 06:50:57.888 +02:00 [INF] Received 3 appointments
2025-01-30 06:51:22.329 +02:00 [INF] User authenticated: false, Role: 
2025-01-30 06:51:46.741 +02:00 [INF] User authenticated: true, Role: Patient
2025-01-30 06:54:59.516 +02:00 [INF] Starting Medical Client web application
2025-01-30 06:55:00.411 +02:00 [INF] User authenticated: true, Role: Patient
2025-01-30 06:57:25.557 +02:00 [INF] Requesting appointments for PatientId: e8d77994-b115-472a-bfd4-5d64d03d4e15
2025-01-30 06:57:25.698 +02:00 [INF] Received 3 appointments
2025-01-30 07:07:25.714 +02:00 [INF] Starting Medical Client web application
2025-01-30 07:07:27.537 +02:00 [INF] User authenticated: true, Role: Patient
2025-01-30 07:07:29.595 +02:00 [INF] Requesting appointments for PatientId: e8d77994-b115-472a-bfd4-5d64d03d4e15
2025-01-30 07:07:30.861 +02:00 [INF] Received 3 appointments
2025-01-30 07:07:51.141 +02:00 [INF] Local appointment time: "2025-02-06T12:30:00.0000000", UTC time: "2025-02-06T10:30:00.0000000Z"
2025-01-30 07:07:51.144 +02:00 [INF] Creating appointment with token: true
2025-01-30 07:13:36.460 +02:00 [INF] Starting Medical Client web application
2025-01-30 07:13:37.684 +02:00 [INF] User authenticated: true, Role: Patient
2025-01-30 07:13:39.370 +02:00 [INF] Requesting appointments for PatientId: e8d77994-b115-472a-bfd4-5d64d03d4e15
2025-01-30 07:13:40.570 +02:00 [INF] Received 4 appointments
2025-01-30 07:15:27.222 +02:00 [INF] Requesting appointments for PatientId: e8d77994-b115-472a-bfd4-5d64d03d4e15
2025-01-30 07:15:27.240 +02:00 [INF] Received 4 appointments
2025-01-30 07:15:47.155 +02:00 [INF] Creating appointment for local time: "2025-02-07T14:30:00.0000000+02:00"
2025-01-30 07:15:47.157 +02:00 [INF] Creating appointment with token: true
2025-01-30 07:15:54.858 +02:00 [INF] Requesting appointments for PatientId: e8d77994-b115-472a-bfd4-5d64d03d4e15
2025-01-30 07:15:54.866 +02:00 [INF] Received 5 appointments
2025-01-30 07:16:12.136 +02:00 [INF] Requesting appointments for PatientId: e8d77994-b115-472a-bfd4-5d64d03d4e15
2025-01-30 07:16:12.142 +02:00 [INF] Received 5 appointments
2025-01-30 07:19:56.694 +02:00 [INF] Starting Medical Client web application
2025-01-30 07:19:58.260 +02:00 [INF] User authenticated: true, Role: Patient
2025-01-30 07:20:00.581 +02:00 [INF] Requesting appointments for PatientId: e8d77994-b115-472a-bfd4-5d64d03d4e15
2025-01-30 07:20:01.852 +02:00 [INF] Received 5 appointments
2025-01-30 07:20:06.236 +02:00 [INF] Requesting appointments for PatientId: e8d77994-b115-472a-bfd4-5d64d03d4e15
2025-01-30 07:20:06.248 +02:00 [INF] Received 5 appointments
2025-01-30 07:20:13.740 +02:00 [INF] Requesting appointments for PatientId: e8d77994-b115-472a-bfd4-5d64d03d4e15
2025-01-30 07:20:13.749 +02:00 [INF] Received 5 appointments
2025-01-30 07:20:37.544 +02:00 [INF] Creating appointment for local time: "2025-02-10T16:30:00.0000000+02:00"
2025-01-30 07:20:37.547 +02:00 [INF] Creating appointment with token: true
2025-01-30 07:20:39.768 +02:00 [INF] Requesting appointments for PatientId: e8d77994-b115-472a-bfd4-5d64d03d4e15
2025-01-30 07:20:39.773 +02:00 [INF] Received 6 appointments
2025-01-30 07:20:44.903 +02:00 [INF] Requesting appointments for PatientId: e8d77994-b115-472a-bfd4-5d64d03d4e15
2025-01-30 07:20:44.908 +02:00 [INF] Received 6 appointments
2025-01-30 07:20:57.389 +02:00 [INF] User authenticated: false, Role: 
2025-01-30 07:21:33.825 +02:00 [INF] Starting Medical Client web application
2025-01-30 07:21:34.439 +02:00 [INF] User authenticated: false, Role: 
2025-01-30 07:22:28.442 +02:00 [INF] User authenticated: true, Role: Doctor
2025-01-30 07:22:29.743 +02:00 [INF] Requesting appointments for PatientId: 
2025-01-30 07:22:30.167 +02:00 [INF] Received 6 appointments
2025-01-30 07:22:45.430 +02:00 [INF] Updating appointment 5525a57b-ac92-458a-88a0-2f55ca7326a7 with status "Scheduled"
2025-01-30 07:22:45.654 +02:00 [INF] Successfully updated appointment 5525a57b-ac92-458a-88a0-2f55ca7326a7
2025-01-30 07:22:51.186 +02:00 [INF] Updating appointment 5525a57b-ac92-458a-88a0-2f55ca7326a7 with status "Completed"
2025-01-30 07:22:51.290 +02:00 [INF] Successfully updated appointment 5525a57b-ac92-458a-88a0-2f55ca7326a7
2025-01-30 07:22:58.759 +02:00 [INF] Updating appointment 5525a57b-ac92-458a-88a0-2f55ca7326a7 with status "Completed"
2025-01-30 07:22:58.765 +02:00 [INF] Successfully updated appointment 5525a57b-ac92-458a-88a0-2f55ca7326a7
2025-01-30 07:26:38.473 +02:00 [INF] Starting Medical Client web application
2025-01-30 07:26:39.983 +02:00 [INF] User authenticated: true, Role: Doctor
2025-01-30 07:26:42.784 +02:00 [INF] Requesting appointments for PatientId: 
2025-01-30 07:26:43.902 +02:00 [INF] Received 6 appointments
2025-01-30 07:26:50.947 +02:00 [INF] Requesting appointments for PatientId: 
2025-01-30 07:26:50.959 +02:00 [INF] Received 6 appointments
2025-01-30 07:26:58.325 +02:00 [INF] Requesting appointments for PatientId: 
2025-01-30 07:26:58.334 +02:00 [INF] Received 6 appointments
2025-01-30 07:27:02.452 +02:00 [INF] Requesting appointments for PatientId: 
2025-01-30 07:27:02.460 +02:00 [INF] Received 6 appointments
2025-01-30 07:29:14.835 +02:00 [INF] Starting Medical Client web application
2025-01-30 07:29:16.494 +02:00 [INF] User authenticated: true, Role: Doctor
2025-01-30 07:29:18.434 +02:00 [INF] Requesting appointments for PatientId: 
2025-01-30 07:29:19.655 +02:00 [INF] Received 6 appointments
2025-01-30 07:33:52.505 +02:00 [INF] Starting Medical Client web application
2025-01-30 07:33:53.296 +02:00 [INF] User authenticated: true, Role: Doctor
2025-01-30 07:33:55.130 +02:00 [INF] Requesting appointments for PatientId: 
2025-01-30 07:33:55.821 +02:00 [INF] Received 6 appointments
2025-01-30 07:36:03.731 +02:00 [INF] Starting Medical Client web application
2025-01-30 07:36:05.395 +02:00 [INF] User authenticated: true, Role: Doctor
2025-01-30 07:36:08.266 +02:00 [INF] Requesting appointments for PatientId: 
2025-01-30 07:36:09.432 +02:00 [INF] Received 6 appointments
2025-01-30 07:38:12.374 +02:00 [INF] Starting Medical Client web application
2025-01-30 07:38:13.391 +02:00 [INF] User authenticated: true, Role: Doctor
2025-01-30 07:38:15.133 +02:00 [INF] Requesting appointments for PatientId: 
2025-01-30 07:38:15.963 +02:00 [INF] Received 6 appointments
2025-01-30 07:39:55.759 +02:00 [INF] Starting Medical Client web application
2025-01-30 07:39:57.012 +02:00 [INF] User authenticated: true, Role: Doctor
2025-01-30 07:40:29.111 +02:00 [INF] User authenticated: false, Role: 
2025-01-30 07:40:52.038 +02:00 [INF] User authenticated: true, Role: Patient
2025-01-30 07:40:54.458 +02:00 [INF] Requesting appointments for PatientId: f67ad38d-e526-4e3c-a77b-3003c23c1868
2025-01-30 07:40:54.556 +02:00 [INF] Received 0 appointments
2025-01-30 07:40:57.773 +02:00 [INF] Requesting appointments for PatientId: f67ad38d-e526-4e3c-a77b-3003c23c1868
2025-01-30 07:40:57.783 +02:00 [INF] Received 0 appointments
2025-01-30 07:41:18.130 +02:00 [INF] Creating appointment for local time: "2025-01-31T12:30:00.0000000+02:00"
2025-01-30 07:41:18.135 +02:00 [INF] Creating appointment with token: true
2025-01-30 07:41:20.063 +02:00 [INF] Requesting appointments for PatientId: f67ad38d-e526-4e3c-a77b-3003c23c1868
2025-01-30 07:41:20.077 +02:00 [INF] Received 1 appointments
2025-01-30 07:41:38.064 +02:00 [INF] Creating appointment for local time: "2025-02-05T14:30:00.0000000+02:00"
2025-01-30 07:41:38.066 +02:00 [INF] Creating appointment with token: true
2025-01-30 07:41:40.669 +02:00 [INF] Requesting appointments for PatientId: f67ad38d-e526-4e3c-a77b-3003c23c1868
2025-01-30 07:41:40.677 +02:00 [INF] Received 2 appointments
2025-01-30 07:41:42.133 +02:00 [INF] Requesting appointments for PatientId: f67ad38d-e526-4e3c-a77b-3003c23c1868
2025-01-30 07:41:42.138 +02:00 [INF] Received 2 appointments
2025-01-30 07:41:44.949 +02:00 [INF] User authenticated: false, Role: 
2025-01-30 07:42:10.407 +02:00 [INF] User authenticated: true, Role: Doctor
2025-01-30 07:42:11.642 +02:00 [INF] Requesting appointments for PatientId: 
2025-01-30 07:42:11.656 +02:00 [INF] Received 2 appointments
2025-01-30 07:42:20.564 +02:00 [INF] Requesting appointments for PatientId: 
2025-01-30 07:42:20.570 +02:00 [INF] Received 2 appointments
2025-01-30 07:42:24.431 +02:00 [INF] Requesting appointments for PatientId: 
2025-01-30 07:42:24.435 +02:00 [INF] Received 2 appointments
2025-01-30 07:42:26.742 +02:00 [INF] Requesting appointments for PatientId: 
2025-01-30 07:42:26.748 +02:00 [INF] Received 2 appointments
2025-01-30 07:42:28.670 +02:00 [INF] Requesting appointments for PatientId: 
2025-01-30 07:42:28.675 +02:00 [INF] Received 2 appointments
2025-01-30 07:42:31.050 +02:00 [INF] Requesting appointments for PatientId: 
2025-01-30 07:42:31.054 +02:00 [INF] Received 2 appointments
2025-01-30 07:42:31.904 +02:00 [INF] Requesting appointments for PatientId: 
2025-01-30 07:42:31.908 +02:00 [INF] Received 2 appointments
2025-01-30 07:42:33.102 +02:00 [INF] Requesting appointments for PatientId: 
2025-01-30 07:42:33.109 +02:00 [INF] Received 2 appointments
2025-01-30 07:42:47.088 +02:00 [INF] Requesting appointments for PatientId: 
2025-01-30 07:42:47.101 +02:00 [INF] Received 2 appointments
2025-01-30 08:34:55.003 +02:00 [INF] Starting Medical Client web application
2025-01-30 08:34:55.826 +02:00 [ERR] Hosting failed to start
System.IO.IOException: Failed to bind to address https://localhost:7082.
 ---> System.AggregateException: One or more errors occurred. (Certificate DC7791812E1779C87F0659AADB3BF03FEE4D156C cannot be used as an SSL server certificate. It has an Extended Key Usage extension but the usages do not include Server Authentication (OID 1.3.6.1.5.5.7.3.1).) (Certificate DC7791812E1779C87F0659AADB3BF03FEE4D156C cannot be used as an SSL server certificate. It has an Extended Key Usage extension but the usages do not include Server Authentication (OID 1.3.6.1.5.5.7.3.1).)
 ---> System.InvalidOperationException: Certificate DC7791812E1779C87F0659AADB3BF03FEE4D156C cannot be used as an SSL server certificate. It has an Extended Key Usage extension but the usages do not include Server Authentication (OID 1.3.6.1.5.5.7.3.1).
   at Microsoft.AspNetCore.Server.Kestrel.Https.Internal.HttpsConnectionMiddleware.EnsureCertificateIsAllowedForServerAuth(X509Certificate2 certificate, ILogger`1 logger)
   at Microsoft.AspNetCore.Server.Kestrel.Https.Internal.HttpsConnectionMiddleware..ctor(ConnectionDelegate next, HttpsConnectionAdapterOptions options, HttpProtocols httpProtocols, ILoggerFactory loggerFactory, KestrelMetrics metrics)
   at Microsoft.AspNetCore.Hosting.ListenOptionsHttpsExtensions.<>c__DisplayClass11_0.<UseHttps>b__0(ConnectionDelegate next)
   at Microsoft.AspNetCore.Server.Kestrel.Core.ListenOptions.Build()
   at Microsoft.AspNetCore.Server.Kestrel.Core.KestrelServerImpl.<>c__DisplayClass28_0`1.<<StartAsync>g__OnBind|0>d.MoveNext()
--- End of stack trace from previous location ---
   at Microsoft.AspNetCore.Server.Kestrel.Core.Internal.AddressBinder.BindEndpointAsync(ListenOptions endpoint, AddressBindContext context, CancellationToken cancellationToken)
   at Microsoft.AspNetCore.Server.Kestrel.Core.LocalhostListenOptions.BindAsync(AddressBindContext context, CancellationToken cancellationToken)
   --- End of inner exception stack trace ---
 ---> (Inner Exception #1) System.InvalidOperationException: Certificate DC7791812E1779C87F0659AADB3BF03FEE4D156C cannot be used as an SSL server certificate. It has an Extended Key Usage extension but the usages do not include Server Authentication (OID 1.3.6.1.5.5.7.3.1).
   at Microsoft.AspNetCore.Server.Kestrel.Https.Internal.HttpsConnectionMiddleware.EnsureCertificateIsAllowedForServerAuth(X509Certificate2 certificate, ILogger`1 logger)
   at Microsoft.AspNetCore.Server.Kestrel.Https.Internal.HttpsConnectionMiddleware..ctor(ConnectionDelegate next, HttpsConnectionAdapterOptions options, HttpProtocols httpProtocols, ILoggerFactory loggerFactory, KestrelMetrics metrics)
   at Microsoft.AspNetCore.Hosting.ListenOptionsHttpsExtensions.<>c__DisplayClass11_0.<UseHttps>b__0(ConnectionDelegate next)
   at Microsoft.AspNetCore.Server.Kestrel.Core.ListenOptions.Build()
   at Microsoft.AspNetCore.Server.Kestrel.Core.KestrelServerImpl.<>c__DisplayClass28_0`1.<<StartAsync>g__OnBind|0>d.MoveNext()
--- End of stack trace from previous location ---
   at Microsoft.AspNetCore.Server.Kestrel.Core.Internal.AddressBinder.BindEndpointAsync(ListenOptions endpoint, AddressBindContext context, CancellationToken cancellationToken)
   at Microsoft.AspNetCore.Server.Kestrel.Core.LocalhostListenOptions.BindAsync(AddressBindContext context, CancellationToken cancellationToken)<---

   --- End of inner exception stack trace ---
   at Microsoft.AspNetCore.Server.Kestrel.Core.LocalhostListenOptions.BindAsync(AddressBindContext context, CancellationToken cancellationToken)
   at Microsoft.AspNetCore.Server.Kestrel.Core.Internal.AddressBinder.AddressesStrategy.BindAsync(AddressBindContext context, CancellationToken cancellationToken)
   at Microsoft.AspNetCore.Server.Kestrel.Core.Internal.AddressBinder.BindAsync(ListenOptions[] listenOptions, AddressBindContext context, Func`2 useHttps, CancellationToken cancellationToken)
   at Microsoft.AspNetCore.Server.Kestrel.Core.KestrelServerImpl.BindAsync(CancellationToken cancellationToken)
   at Microsoft.AspNetCore.Server.Kestrel.Core.KestrelServerImpl.StartAsync[TContext](IHttpApplication`1 application, CancellationToken cancellationToken)
   at Microsoft.AspNetCore.Hosting.GenericWebHostService.StartAsync(CancellationToken cancellationToken)
   at Microsoft.Extensions.Hosting.Internal.Host.<StartAsync>b__15_1(IHostedService service, CancellationToken token)
   at Microsoft.Extensions.Hosting.Internal.Host.ForeachService[T](IEnumerable`1 services, CancellationToken token, Boolean concurrent, Boolean abortOnFirstException, List`1 exceptions, Func`3 operation)
2025-01-30 08:34:55.866 +02:00 [FTL] Application terminated unexpectedly
System.IO.IOException: Failed to bind to address https://localhost:7082.
 ---> System.AggregateException: One or more errors occurred. (Certificate DC7791812E1779C87F0659AADB3BF03FEE4D156C cannot be used as an SSL server certificate. It has an Extended Key Usage extension but the usages do not include Server Authentication (OID 1.3.6.1.5.5.7.3.1).) (Certificate DC7791812E1779C87F0659AADB3BF03FEE4D156C cannot be used as an SSL server certificate. It has an Extended Key Usage extension but the usages do not include Server Authentication (OID 1.3.6.1.5.5.7.3.1).)
 ---> System.InvalidOperationException: Certificate DC7791812E1779C87F0659AADB3BF03FEE4D156C cannot be used as an SSL server certificate. It has an Extended Key Usage extension but the usages do not include Server Authentication (OID 1.3.6.1.5.5.7.3.1).
   at Microsoft.AspNetCore.Server.Kestrel.Https.Internal.HttpsConnectionMiddleware.EnsureCertificateIsAllowedForServerAuth(X509Certificate2 certificate, ILogger`1 logger)
   at Microsoft.AspNetCore.Server.Kestrel.Https.Internal.HttpsConnectionMiddleware..ctor(ConnectionDelegate next, HttpsConnectionAdapterOptions options, HttpProtocols httpProtocols, ILoggerFactory loggerFactory, KestrelMetrics metrics)
   at Microsoft.AspNetCore.Hosting.ListenOptionsHttpsExtensions.<>c__DisplayClass11_0.<UseHttps>b__0(ConnectionDelegate next)
   at Microsoft.AspNetCore.Server.Kestrel.Core.ListenOptions.Build()
   at Microsoft.AspNetCore.Server.Kestrel.Core.KestrelServerImpl.<>c__DisplayClass28_0`1.<<StartAsync>g__OnBind|0>d.MoveNext()
--- End of stack trace from previous location ---
   at Microsoft.AspNetCore.Server.Kestrel.Core.Internal.AddressBinder.BindEndpointAsync(ListenOptions endpoint, AddressBindContext context, CancellationToken cancellationToken)
   at Microsoft.AspNetCore.Server.Kestrel.Core.LocalhostListenOptions.BindAsync(AddressBindContext context, CancellationToken cancellationToken)
   --- End of inner exception stack trace ---
 ---> (Inner Exception #1) System.InvalidOperationException: Certificate DC7791812E1779C87F0659AADB3BF03FEE4D156C cannot be used as an SSL server certificate. It has an Extended Key Usage extension but the usages do not include Server Authentication (OID 1.3.6.1.5.5.7.3.1).
   at Microsoft.AspNetCore.Server.Kestrel.Https.Internal.HttpsConnectionMiddleware.EnsureCertificateIsAllowedForServerAuth(X509Certificate2 certificate, ILogger`1 logger)
   at Microsoft.AspNetCore.Server.Kestrel.Https.Internal.HttpsConnectionMiddleware..ctor(ConnectionDelegate next, HttpsConnectionAdapterOptions options, HttpProtocols httpProtocols, ILoggerFactory loggerFactory, KestrelMetrics metrics)
   at Microsoft.AspNetCore.Hosting.ListenOptionsHttpsExtensions.<>c__DisplayClass11_0.<UseHttps>b__0(ConnectionDelegate next)
   at Microsoft.AspNetCore.Server.Kestrel.Core.ListenOptions.Build()
   at Microsoft.AspNetCore.Server.Kestrel.Core.KestrelServerImpl.<>c__DisplayClass28_0`1.<<StartAsync>g__OnBind|0>d.MoveNext()
--- End of stack trace from previous location ---
   at Microsoft.AspNetCore.Server.Kestrel.Core.Internal.AddressBinder.BindEndpointAsync(ListenOptions endpoint, AddressBindContext context, CancellationToken cancellationToken)
   at Microsoft.AspNetCore.Server.Kestrel.Core.LocalhostListenOptions.BindAsync(AddressBindContext context, CancellationToken cancellationToken)<---

   --- End of inner exception stack trace ---
   at Microsoft.AspNetCore.Server.Kestrel.Core.LocalhostListenOptions.BindAsync(AddressBindContext context, CancellationToken cancellationToken)
   at Microsoft.AspNetCore.Server.Kestrel.Core.Internal.AddressBinder.AddressesStrategy.BindAsync(AddressBindContext context, CancellationToken cancellationToken)
   at Microsoft.AspNetCore.Server.Kestrel.Core.Internal.AddressBinder.BindAsync(ListenOptions[] listenOptions, AddressBindContext context, Func`2 useHttps, CancellationToken cancellationToken)
   at Microsoft.AspNetCore.Server.Kestrel.Core.KestrelServerImpl.BindAsync(CancellationToken cancellationToken)
   at Microsoft.AspNetCore.Server.Kestrel.Core.KestrelServerImpl.StartAsync[TContext](IHttpApplication`1 application, CancellationToken cancellationToken)
   at Microsoft.AspNetCore.Hosting.GenericWebHostService.StartAsync(CancellationToken cancellationToken)
   at Microsoft.Extensions.Hosting.Internal.Host.<StartAsync>b__15_1(IHostedService service, CancellationToken token)
   at Microsoft.Extensions.Hosting.Internal.Host.ForeachService[T](IEnumerable`1 services, CancellationToken token, Boolean concurrent, Boolean abortOnFirstException, List`1 exceptions, Func`3 operation)
   at Microsoft.Extensions.Hosting.Internal.Host.StartAsync(CancellationToken cancellationToken)
   at Microsoft.Extensions.Hosting.HostingAbstractionsHostExtensions.RunAsync(IHost host, CancellationToken token)
   at Microsoft.Extensions.Hosting.HostingAbstractionsHostExtensions.RunAsync(IHost host, CancellationToken token)
   at Microsoft.Extensions.Hosting.HostingAbstractionsHostExtensions.Run(IHost host)
   at Program.<Main>$(String[] args) in D:\OtherProjects\MedicalApp\Medical.Client\Program.cs:line 121
2025-01-30 08:39:57.922 +02:00 [INF] Starting Medical Client web application
2025-01-30 08:39:58.425 +02:00 [ERR] Hosting failed to start
System.IO.IOException: Failed to bind to address https://localhost:7082.
 ---> System.AggregateException: One or more errors occurred. (Certificate BC4E418E64E83620A159E8C3903126BA6740626B cannot be used as an SSL server certificate. It has an Extended Key Usage extension but the usages do not include Server Authentication (OID 1.3.6.1.5.5.7.3.1).) (Certificate BC4E418E64E83620A159E8C3903126BA6740626B cannot be used as an SSL server certificate. It has an Extended Key Usage extension but the usages do not include Server Authentication (OID 1.3.6.1.5.5.7.3.1).)
 ---> System.InvalidOperationException: Certificate BC4E418E64E83620A159E8C3903126BA6740626B cannot be used as an SSL server certificate. It has an Extended Key Usage extension but the usages do not include Server Authentication (OID 1.3.6.1.5.5.7.3.1).
   at Microsoft.AspNetCore.Server.Kestrel.Https.Internal.HttpsConnectionMiddleware.EnsureCertificateIsAllowedForServerAuth(X509Certificate2 certificate, ILogger`1 logger)
   at Microsoft.AspNetCore.Server.Kestrel.Https.Internal.HttpsConnectionMiddleware..ctor(ConnectionDelegate next, HttpsConnectionAdapterOptions options, HttpProtocols httpProtocols, ILoggerFactory loggerFactory, KestrelMetrics metrics)
   at Microsoft.AspNetCore.Hosting.ListenOptionsHttpsExtensions.<>c__DisplayClass11_0.<UseHttps>b__0(ConnectionDelegate next)
   at Microsoft.AspNetCore.Server.Kestrel.Core.ListenOptions.Build()
   at Microsoft.AspNetCore.Server.Kestrel.Core.KestrelServerImpl.<>c__DisplayClass28_0`1.<<StartAsync>g__OnBind|0>d.MoveNext()
--- End of stack trace from previous location ---
   at Microsoft.AspNetCore.Server.Kestrel.Core.Internal.AddressBinder.BindEndpointAsync(ListenOptions endpoint, AddressBindContext context, CancellationToken cancellationToken)
   at Microsoft.AspNetCore.Server.Kestrel.Core.LocalhostListenOptions.BindAsync(AddressBindContext context, CancellationToken cancellationToken)
   --- End of inner exception stack trace ---
 ---> (Inner Exception #1) System.InvalidOperationException: Certificate BC4E418E64E83620A159E8C3903126BA6740626B cannot be used as an SSL server certificate. It has an Extended Key Usage extension but the usages do not include Server Authentication (OID 1.3.6.1.5.5.7.3.1).
   at Microsoft.AspNetCore.Server.Kestrel.Https.Internal.HttpsConnectionMiddleware.EnsureCertificateIsAllowedForServerAuth(X509Certificate2 certificate, ILogger`1 logger)
   at Microsoft.AspNetCore.Server.Kestrel.Https.Internal.HttpsConnectionMiddleware..ctor(ConnectionDelegate next, HttpsConnectionAdapterOptions options, HttpProtocols httpProtocols, ILoggerFactory loggerFactory, KestrelMetrics metrics)
   at Microsoft.AspNetCore.Hosting.ListenOptionsHttpsExtensions.<>c__DisplayClass11_0.<UseHttps>b__0(ConnectionDelegate next)
   at Microsoft.AspNetCore.Server.Kestrel.Core.ListenOptions.Build()
   at Microsoft.AspNetCore.Server.Kestrel.Core.KestrelServerImpl.<>c__DisplayClass28_0`1.<<StartAsync>g__OnBind|0>d.MoveNext()
--- End of stack trace from previous location ---
   at Microsoft.AspNetCore.Server.Kestrel.Core.Internal.AddressBinder.BindEndpointAsync(ListenOptions endpoint, AddressBindContext context, CancellationToken cancellationToken)
   at Microsoft.AspNetCore.Server.Kestrel.Core.LocalhostListenOptions.BindAsync(AddressBindContext context, CancellationToken cancellationToken)<---

   --- End of inner exception stack trace ---
   at Microsoft.AspNetCore.Server.Kestrel.Core.LocalhostListenOptions.BindAsync(AddressBindContext context, CancellationToken cancellationToken)
   at Microsoft.AspNetCore.Server.Kestrel.Core.Internal.AddressBinder.AddressesStrategy.BindAsync(AddressBindContext context, CancellationToken cancellationToken)
   at Microsoft.AspNetCore.Server.Kestrel.Core.Internal.AddressBinder.BindAsync(ListenOptions[] listenOptions, AddressBindContext context, Func`2 useHttps, CancellationToken cancellationToken)
   at Microsoft.AspNetCore.Server.Kestrel.Core.KestrelServerImpl.BindAsync(CancellationToken cancellationToken)
   at Microsoft.AspNetCore.Server.Kestrel.Core.KestrelServerImpl.StartAsync[TContext](IHttpApplication`1 application, CancellationToken cancellationToken)
   at Microsoft.AspNetCore.Hosting.GenericWebHostService.StartAsync(CancellationToken cancellationToken)
   at Microsoft.Extensions.Hosting.Internal.Host.<StartAsync>b__15_1(IHostedService service, CancellationToken token)
   at Microsoft.Extensions.Hosting.Internal.Host.ForeachService[T](IEnumerable`1 services, CancellationToken token, Boolean concurrent, Boolean abortOnFirstException, List`1 exceptions, Func`3 operation)
2025-01-30 08:39:58.458 +02:00 [FTL] Application terminated unexpectedly
System.IO.IOException: Failed to bind to address https://localhost:7082.
 ---> System.AggregateException: One or more errors occurred. (Certificate BC4E418E64E83620A159E8C3903126BA6740626B cannot be used as an SSL server certificate. It has an Extended Key Usage extension but the usages do not include Server Authentication (OID 1.3.6.1.5.5.7.3.1).) (Certificate BC4E418E64E83620A159E8C3903126BA6740626B cannot be used as an SSL server certificate. It has an Extended Key Usage extension but the usages do not include Server Authentication (OID 1.3.6.1.5.5.7.3.1).)
 ---> System.InvalidOperationException: Certificate BC4E418E64E83620A159E8C3903126BA6740626B cannot be used as an SSL server certificate. It has an Extended Key Usage extension but the usages do not include Server Authentication (OID 1.3.6.1.5.5.7.3.1).
   at Microsoft.AspNetCore.Server.Kestrel.Https.Internal.HttpsConnectionMiddleware.EnsureCertificateIsAllowedForServerAuth(X509Certificate2 certificate, ILogger`1 logger)
   at Microsoft.AspNetCore.Server.Kestrel.Https.Internal.HttpsConnectionMiddleware..ctor(ConnectionDelegate next, HttpsConnectionAdapterOptions options, HttpProtocols httpProtocols, ILoggerFactory loggerFactory, KestrelMetrics metrics)
   at Microsoft.AspNetCore.Hosting.ListenOptionsHttpsExtensions.<>c__DisplayClass11_0.<UseHttps>b__0(ConnectionDelegate next)
   at Microsoft.AspNetCore.Server.Kestrel.Core.ListenOptions.Build()
   at Microsoft.AspNetCore.Server.Kestrel.Core.KestrelServerImpl.<>c__DisplayClass28_0`1.<<StartAsync>g__OnBind|0>d.MoveNext()
--- End of stack trace from previous location ---
   at Microsoft.AspNetCore.Server.Kestrel.Core.Internal.AddressBinder.BindEndpointAsync(ListenOptions endpoint, AddressBindContext context, CancellationToken cancellationToken)
   at Microsoft.AspNetCore.Server.Kestrel.Core.LocalhostListenOptions.BindAsync(AddressBindContext context, CancellationToken cancellationToken)
   --- End of inner exception stack trace ---
 ---> (Inner Exception #1) System.InvalidOperationException: Certificate BC4E418E64E83620A159E8C3903126BA6740626B cannot be used as an SSL server certificate. It has an Extended Key Usage extension but the usages do not include Server Authentication (OID 1.3.6.1.5.5.7.3.1).
   at Microsoft.AspNetCore.Server.Kestrel.Https.Internal.HttpsConnectionMiddleware.EnsureCertificateIsAllowedForServerAuth(X509Certificate2 certificate, ILogger`1 logger)
   at Microsoft.AspNetCore.Server.Kestrel.Https.Internal.HttpsConnectionMiddleware..ctor(ConnectionDelegate next, HttpsConnectionAdapterOptions options, HttpProtocols httpProtocols, ILoggerFactory loggerFactory, KestrelMetrics metrics)
   at Microsoft.AspNetCore.Hosting.ListenOptionsHttpsExtensions.<>c__DisplayClass11_0.<UseHttps>b__0(ConnectionDelegate next)
   at Microsoft.AspNetCore.Server.Kestrel.Core.ListenOptions.Build()
   at Microsoft.AspNetCore.Server.Kestrel.Core.KestrelServerImpl.<>c__DisplayClass28_0`1.<<StartAsync>g__OnBind|0>d.MoveNext()
--- End of stack trace from previous location ---
   at Microsoft.AspNetCore.Server.Kestrel.Core.Internal.AddressBinder.BindEndpointAsync(ListenOptions endpoint, AddressBindContext context, CancellationToken cancellationToken)
   at Microsoft.AspNetCore.Server.Kestrel.Core.LocalhostListenOptions.BindAsync(AddressBindContext context, CancellationToken cancellationToken)<---

   --- End of inner exception stack trace ---
   at Microsoft.AspNetCore.Server.Kestrel.Core.LocalhostListenOptions.BindAsync(AddressBindContext context, CancellationToken cancellationToken)
   at Microsoft.AspNetCore.Server.Kestrel.Core.Internal.AddressBinder.AddressesStrategy.BindAsync(AddressBindContext context, CancellationToken cancellationToken)
   at Microsoft.AspNetCore.Server.Kestrel.Core.Internal.AddressBinder.BindAsync(ListenOptions[] listenOptions, AddressBindContext context, Func`2 useHttps, CancellationToken cancellationToken)
   at Microsoft.AspNetCore.Server.Kestrel.Core.KestrelServerImpl.BindAsync(CancellationToken cancellationToken)
   at Microsoft.AspNetCore.Server.Kestrel.Core.KestrelServerImpl.StartAsync[TContext](IHttpApplication`1 application, CancellationToken cancellationToken)
   at Microsoft.AspNetCore.Hosting.GenericWebHostService.StartAsync(CancellationToken cancellationToken)
   at Microsoft.Extensions.Hosting.Internal.Host.<StartAsync>b__15_1(IHostedService service, CancellationToken token)
   at Microsoft.Extensions.Hosting.Internal.Host.ForeachService[T](IEnumerable`1 services, CancellationToken token, Boolean concurrent, Boolean abortOnFirstException, List`1 exceptions, Func`3 operation)
   at Microsoft.Extensions.Hosting.Internal.Host.StartAsync(CancellationToken cancellationToken)
   at Microsoft.Extensions.Hosting.HostingAbstractionsHostExtensions.RunAsync(IHost host, CancellationToken token)
   at Microsoft.Extensions.Hosting.HostingAbstractionsHostExtensions.RunAsync(IHost host, CancellationToken token)
   at Microsoft.Extensions.Hosting.HostingAbstractionsHostExtensions.Run(IHost host)
   at Program.<Main>$(String[] args) in D:\OtherProjects\MedicalApp\Medical.Client\Program.cs:line 121
2025-01-30 08:42:20.495 +02:00 [INF] Starting Medical Client web application
2025-01-30 08:42:22.007 +02:00 [INF] User authenticated: true, Role: Doctor
2025-01-30 08:42:32.289 +02:00 [INF] Requesting appointments for PatientId: 
2025-01-30 08:42:32.602 +02:00 [INF] Call failed with gRPC error status. Status code: '"Internal"', Message: 'Error starting gRPC call. HttpRequestException: The SSL connection could not be established, see inner exception. AuthenticationException: The remote certificate is invalid because of errors in the certificate chain: UntrustedRoot'.
System.Net.Http.HttpRequestException: The SSL connection could not be established, see inner exception.
 ---> System.Security.Authentication.AuthenticationException: The remote certificate is invalid because of errors in the certificate chain: UntrustedRoot
   at System.Net.Security.SslStream.CompleteHandshake(SslAuthenticationOptions sslAuthenticationOptions)
   at System.Net.Security.SslStream.ForceAuthenticationAsync[TIOAdapter](Boolean receiveFirst, Byte[] reAuthenticationData, CancellationToken cancellationToken)
   at System.Net.Http.ConnectHelper.EstablishSslConnectionAsync(SslClientAuthenticationOptions sslOptions, HttpRequestMessage request, Boolean async, Stream stream, CancellationToken cancellationToken)
   --- End of inner exception stack trace ---
   at System.Net.Http.ConnectHelper.EstablishSslConnectionAsync(SslClientAuthenticationOptions sslOptions, HttpRequestMessage request, Boolean async, Stream stream, CancellationToken cancellationToken)
   at System.Net.Http.HttpConnectionPool.ConnectAsync(HttpRequestMessage request, Boolean async, CancellationToken cancellationToken)
   at System.Net.Http.HttpConnectionPool.AddHttp2ConnectionAsync(QueueItem queueItem)
   at System.Threading.Tasks.TaskCompletionSourceWithCancellation`1.WaitWithCancellationAsync(CancellationToken cancellationToken)
   at System.Net.Http.HttpConnectionPool.SendWithVersionDetectionAndRetryAsync(HttpRequestMessage request, Boolean async, Boolean doRequestAuth, CancellationToken cancellationToken)
   at System.Net.Http.DiagnosticsHandler.SendAsyncCore(HttpRequestMessage request, Boolean async, CancellationToken cancellationToken)
   at System.Net.Http.RedirectHandler.SendAsync(HttpRequestMessage request, Boolean async, CancellationToken cancellationToken)
   at Microsoft.Extensions.Http.Logging.LoggingHttpMessageHandler.<SendCoreAsync>g__Core|5_0(HttpRequestMessage request, Boolean useAsync, CancellationToken cancellationToken)
   at Microsoft.Extensions.Http.Logging.LoggingScopeHttpMessageHandler.<SendCoreAsync>g__Core|5_0(HttpRequestMessage request, Boolean useAsync, CancellationToken cancellationToken)
   at Grpc.Net.Client.Balancer.Internal.BalancerHttpHandler.SendAsync(HttpRequestMessage request, CancellationToken cancellationToken)
   at Grpc.Net.Client.Internal.GrpcCall`2.RunCall(HttpRequestMessage request, Nullable`1 timeout)
2025-01-30 08:42:32.645 +02:00 [ERR] Error getting appointments. Status: Status(StatusCode="Internal", Detail="Error starting gRPC call. HttpRequestException: The SSL connection could not be established, see inner exception. AuthenticationException: The remote certificate is invalid because of errors in the certificate chain: UntrustedRoot", DebugException="System.Net.Http.HttpRequestException: The SSL connection could not be established, see inner exception.")
Grpc.Core.RpcException: Status(StatusCode="Internal", Detail="Error starting gRPC call. HttpRequestException: The SSL connection could not be established, see inner exception. AuthenticationException: The remote certificate is invalid because of errors in the certificate chain: UntrustedRoot", DebugException="System.Net.Http.HttpRequestException: The SSL connection could not be established, see inner exception.")
 ---> System.Net.Http.HttpRequestException: The SSL connection could not be established, see inner exception.
 ---> System.Security.Authentication.AuthenticationException: The remote certificate is invalid because of errors in the certificate chain: UntrustedRoot
   at System.Net.Security.SslStream.CompleteHandshake(SslAuthenticationOptions sslAuthenticationOptions)
   at System.Net.Security.SslStream.ForceAuthenticationAsync[TIOAdapter](Boolean receiveFirst, Byte[] reAuthenticationData, CancellationToken cancellationToken)
   at System.Net.Http.ConnectHelper.EstablishSslConnectionAsync(SslClientAuthenticationOptions sslOptions, HttpRequestMessage request, Boolean async, Stream stream, CancellationToken cancellationToken)
   --- End of inner exception stack trace ---
   at System.Net.Http.ConnectHelper.EstablishSslConnectionAsync(SslClientAuthenticationOptions sslOptions, HttpRequestMessage request, Boolean async, Stream stream, CancellationToken cancellationToken)
   at System.Net.Http.HttpConnectionPool.ConnectAsync(HttpRequestMessage request, Boolean async, CancellationToken cancellationToken)
   at System.Net.Http.HttpConnectionPool.AddHttp2ConnectionAsync(QueueItem queueItem)
   at System.Threading.Tasks.TaskCompletionSourceWithCancellation`1.WaitWithCancellationAsync(CancellationToken cancellationToken)
   at System.Net.Http.HttpConnectionPool.SendWithVersionDetectionAndRetryAsync(HttpRequestMessage request, Boolean async, Boolean doRequestAuth, CancellationToken cancellationToken)
   at System.Net.Http.DiagnosticsHandler.SendAsyncCore(HttpRequestMessage request, Boolean async, CancellationToken cancellationToken)
   at System.Net.Http.RedirectHandler.SendAsync(HttpRequestMessage request, Boolean async, CancellationToken cancellationToken)
   at Microsoft.Extensions.Http.Logging.LoggingHttpMessageHandler.<SendCoreAsync>g__Core|5_0(HttpRequestMessage request, Boolean useAsync, CancellationToken cancellationToken)
   at Microsoft.Extensions.Http.Logging.LoggingScopeHttpMessageHandler.<SendCoreAsync>g__Core|5_0(HttpRequestMessage request, Boolean useAsync, CancellationToken cancellationToken)
   at Grpc.Net.Client.Balancer.Internal.BalancerHttpHandler.SendAsync(HttpRequestMessage request, CancellationToken cancellationToken)
   at Grpc.Net.Client.Internal.GrpcCall`2.RunCall(HttpRequestMessage request, Nullable`1 timeout)
   --- End of inner exception stack trace ---
   at Medical.Client.Services.AppointmentServiceGrpc.GetAppointmentsAsync(AppointmentRequest request) in D:\OtherProjects\MedicalApp\Medical.Client\Services\AppointmentService.cs:line 33
2025-01-30 08:42:32.659 +02:00 [ERR] Error retrieving patients
Grpc.Core.RpcException: Status(StatusCode="Internal", Detail="Error starting gRPC call. HttpRequestException: The SSL connection could not be established, see inner exception. AuthenticationException: The remote certificate is invalid because of errors in the certificate chain: UntrustedRoot", DebugException="System.Net.Http.HttpRequestException: The SSL connection could not be established, see inner exception.")
 ---> System.Net.Http.HttpRequestException: The SSL connection could not be established, see inner exception.
 ---> System.Security.Authentication.AuthenticationException: The remote certificate is invalid because of errors in the certificate chain: UntrustedRoot
   at System.Net.Security.SslStream.CompleteHandshake(SslAuthenticationOptions sslAuthenticationOptions)
   at System.Net.Security.SslStream.ForceAuthenticationAsync[TIOAdapter](Boolean receiveFirst, Byte[] reAuthenticationData, CancellationToken cancellationToken)
   at System.Net.Http.ConnectHelper.EstablishSslConnectionAsync(SslClientAuthenticationOptions sslOptions, HttpRequestMessage request, Boolean async, Stream stream, CancellationToken cancellationToken)
   --- End of inner exception stack trace ---
   at System.Net.Http.ConnectHelper.EstablishSslConnectionAsync(SslClientAuthenticationOptions sslOptions, HttpRequestMessage request, Boolean async, Stream stream, CancellationToken cancellationToken)
   at System.Net.Http.HttpConnectionPool.ConnectAsync(HttpRequestMessage request, Boolean async, CancellationToken cancellationToken)
   at System.Net.Http.HttpConnectionPool.AddHttp2ConnectionAsync(QueueItem queueItem)
   at System.Threading.Tasks.TaskCompletionSourceWithCancellation`1.WaitWithCancellationAsync(CancellationToken cancellationToken)
   at System.Net.Http.HttpConnectionPool.SendWithVersionDetectionAndRetryAsync(HttpRequestMessage request, Boolean async, Boolean doRequestAuth, CancellationToken cancellationToken)
   at System.Net.Http.DiagnosticsHandler.SendAsyncCore(HttpRequestMessage request, Boolean async, CancellationToken cancellationToken)
   at System.Net.Http.RedirectHandler.SendAsync(HttpRequestMessage request, Boolean async, CancellationToken cancellationToken)
   at Microsoft.Extensions.Http.Logging.LoggingHttpMessageHandler.<SendCoreAsync>g__Core|5_0(HttpRequestMessage request, Boolean useAsync, CancellationToken cancellationToken)
   at Microsoft.Extensions.Http.Logging.LoggingScopeHttpMessageHandler.<SendCoreAsync>g__Core|5_0(HttpRequestMessage request, Boolean useAsync, CancellationToken cancellationToken)
   at Grpc.Net.Client.Balancer.Internal.BalancerHttpHandler.SendAsync(HttpRequestMessage request, CancellationToken cancellationToken)
   at Grpc.Net.Client.Internal.GrpcCall`2.RunCall(HttpRequestMessage request, Nullable`1 timeout)
   --- End of inner exception stack trace ---
   at Medical.Client.Services.AppointmentServiceGrpc.GetAppointmentsAsync(AppointmentRequest request) in D:\OtherProjects\MedicalApp\Medical.Client\Services\AppointmentService.cs:line 33
   at Medical.Client.Models.Patients.MyPatientsModel.OnGetAsync() in D:\OtherProjects\MedicalApp\Medical.Client\Models\Patients\MyPatientsModel.cs:line 41
2025-01-30 08:52:27.877 +02:00 [INF] Starting Medical Client web application
2025-01-30 08:52:29.096 +02:00 [INF] User authenticated: true, Role: Doctor
2025-01-30 08:52:31.348 +02:00 [INF] Requesting appointments for PatientId: 
2025-01-30 08:52:31.520 +02:00 [INF] Call failed with gRPC error status. Status code: '"Internal"', Message: 'Error starting gRPC call. HttpRequestException: The SSL connection could not be established, see inner exception. AuthenticationException: The remote certificate is invalid because of errors in the certificate chain: UntrustedRoot'.
System.Net.Http.HttpRequestException: The SSL connection could not be established, see inner exception.
 ---> System.Security.Authentication.AuthenticationException: The remote certificate is invalid because of errors in the certificate chain: UntrustedRoot
   at System.Net.Security.SslStream.CompleteHandshake(SslAuthenticationOptions sslAuthenticationOptions)
   at System.Net.Security.SslStream.ForceAuthenticationAsync[TIOAdapter](Boolean receiveFirst, Byte[] reAuthenticationData, CancellationToken cancellationToken)
   at System.Net.Http.ConnectHelper.EstablishSslConnectionAsync(SslClientAuthenticationOptions sslOptions, HttpRequestMessage request, Boolean async, Stream stream, CancellationToken cancellationToken)
   --- End of inner exception stack trace ---
   at System.Net.Http.ConnectHelper.EstablishSslConnectionAsync(SslClientAuthenticationOptions sslOptions, HttpRequestMessage request, Boolean async, Stream stream, CancellationToken cancellationToken)
   at System.Net.Http.HttpConnectionPool.ConnectAsync(HttpRequestMessage request, Boolean async, CancellationToken cancellationToken)
   at System.Net.Http.HttpConnectionPool.AddHttp2ConnectionAsync(QueueItem queueItem)
   at System.Threading.Tasks.TaskCompletionSourceWithCancellation`1.WaitWithCancellationAsync(CancellationToken cancellationToken)
   at System.Net.Http.HttpConnectionPool.SendWithVersionDetectionAndRetryAsync(HttpRequestMessage request, Boolean async, Boolean doRequestAuth, CancellationToken cancellationToken)
   at System.Net.Http.DiagnosticsHandler.SendAsyncCore(HttpRequestMessage request, Boolean async, CancellationToken cancellationToken)
   at System.Net.Http.RedirectHandler.SendAsync(HttpRequestMessage request, Boolean async, CancellationToken cancellationToken)
   at Microsoft.Extensions.Http.Logging.LoggingHttpMessageHandler.<SendCoreAsync>g__Core|5_0(HttpRequestMessage request, Boolean useAsync, CancellationToken cancellationToken)
   at Microsoft.Extensions.Http.Logging.LoggingScopeHttpMessageHandler.<SendCoreAsync>g__Core|5_0(HttpRequestMessage request, Boolean useAsync, CancellationToken cancellationToken)
   at Grpc.Net.Client.Balancer.Internal.BalancerHttpHandler.SendAsync(HttpRequestMessage request, CancellationToken cancellationToken)
   at Grpc.Net.Client.Internal.GrpcCall`2.RunCall(HttpRequestMessage request, Nullable`1 timeout)
2025-01-30 08:52:31.542 +02:00 [ERR] Error getting appointments. Status: Status(StatusCode="Internal", Detail="Error starting gRPC call. HttpRequestException: The SSL connection could not be established, see inner exception. AuthenticationException: The remote certificate is invalid because of errors in the certificate chain: UntrustedRoot", DebugException="System.Net.Http.HttpRequestException: The SSL connection could not be established, see inner exception.")
Grpc.Core.RpcException: Status(StatusCode="Internal", Detail="Error starting gRPC call. HttpRequestException: The SSL connection could not be established, see inner exception. AuthenticationException: The remote certificate is invalid because of errors in the certificate chain: UntrustedRoot", DebugException="System.Net.Http.HttpRequestException: The SSL connection could not be established, see inner exception.")
 ---> System.Net.Http.HttpRequestException: The SSL connection could not be established, see inner exception.
 ---> System.Security.Authentication.AuthenticationException: The remote certificate is invalid because of errors in the certificate chain: UntrustedRoot
   at System.Net.Security.SslStream.CompleteHandshake(SslAuthenticationOptions sslAuthenticationOptions)
   at System.Net.Security.SslStream.ForceAuthenticationAsync[TIOAdapter](Boolean receiveFirst, Byte[] reAuthenticationData, CancellationToken cancellationToken)
   at System.Net.Http.ConnectHelper.EstablishSslConnectionAsync(SslClientAuthenticationOptions sslOptions, HttpRequestMessage request, Boolean async, Stream stream, CancellationToken cancellationToken)
   --- End of inner exception stack trace ---
   at System.Net.Http.ConnectHelper.EstablishSslConnectionAsync(SslClientAuthenticationOptions sslOptions, HttpRequestMessage request, Boolean async, Stream stream, CancellationToken cancellationToken)
   at System.Net.Http.HttpConnectionPool.ConnectAsync(HttpRequestMessage request, Boolean async, CancellationToken cancellationToken)
   at System.Net.Http.HttpConnectionPool.AddHttp2ConnectionAsync(QueueItem queueItem)
   at System.Threading.Tasks.TaskCompletionSourceWithCancellation`1.WaitWithCancellationAsync(CancellationToken cancellationToken)
   at System.Net.Http.HttpConnectionPool.SendWithVersionDetectionAndRetryAsync(HttpRequestMessage request, Boolean async, Boolean doRequestAuth, CancellationToken cancellationToken)
   at System.Net.Http.DiagnosticsHandler.SendAsyncCore(HttpRequestMessage request, Boolean async, CancellationToken cancellationToken)
   at System.Net.Http.RedirectHandler.SendAsync(HttpRequestMessage request, Boolean async, CancellationToken cancellationToken)
   at Microsoft.Extensions.Http.Logging.LoggingHttpMessageHandler.<SendCoreAsync>g__Core|5_0(HttpRequestMessage request, Boolean useAsync, CancellationToken cancellationToken)
   at Microsoft.Extensions.Http.Logging.LoggingScopeHttpMessageHandler.<SendCoreAsync>g__Core|5_0(HttpRequestMessage request, Boolean useAsync, CancellationToken cancellationToken)
   at Grpc.Net.Client.Balancer.Internal.BalancerHttpHandler.SendAsync(HttpRequestMessage request, CancellationToken cancellationToken)
   at Grpc.Net.Client.Internal.GrpcCall`2.RunCall(HttpRequestMessage request, Nullable`1 timeout)
   --- End of inner exception stack trace ---
   at Medical.Client.Services.AppointmentServiceGrpc.GetAppointmentsAsync(AppointmentRequest request) in D:\OtherProjects\MedicalApp\Medical.Client\Services\AppointmentService.cs:line 33
2025-01-30 08:52:31.550 +02:00 [ERR] Error retrieving patients
Grpc.Core.RpcException: Status(StatusCode="Internal", Detail="Error starting gRPC call. HttpRequestException: The SSL connection could not be established, see inner exception. AuthenticationException: The remote certificate is invalid because of errors in the certificate chain: UntrustedRoot", DebugException="System.Net.Http.HttpRequestException: The SSL connection could not be established, see inner exception.")
 ---> System.Net.Http.HttpRequestException: The SSL connection could not be established, see inner exception.
 ---> System.Security.Authentication.AuthenticationException: The remote certificate is invalid because of errors in the certificate chain: UntrustedRoot
   at System.Net.Security.SslStream.CompleteHandshake(SslAuthenticationOptions sslAuthenticationOptions)
   at System.Net.Security.SslStream.ForceAuthenticationAsync[TIOAdapter](Boolean receiveFirst, Byte[] reAuthenticationData, CancellationToken cancellationToken)
   at System.Net.Http.ConnectHelper.EstablishSslConnectionAsync(SslClientAuthenticationOptions sslOptions, HttpRequestMessage request, Boolean async, Stream stream, CancellationToken cancellationToken)
   --- End of inner exception stack trace ---
   at System.Net.Http.ConnectHelper.EstablishSslConnectionAsync(SslClientAuthenticationOptions sslOptions, HttpRequestMessage request, Boolean async, Stream stream, CancellationToken cancellationToken)
   at System.Net.Http.HttpConnectionPool.ConnectAsync(HttpRequestMessage request, Boolean async, CancellationToken cancellationToken)
   at System.Net.Http.HttpConnectionPool.AddHttp2ConnectionAsync(QueueItem queueItem)
   at System.Threading.Tasks.TaskCompletionSourceWithCancellation`1.WaitWithCancellationAsync(CancellationToken cancellationToken)
   at System.Net.Http.HttpConnectionPool.SendWithVersionDetectionAndRetryAsync(HttpRequestMessage request, Boolean async, Boolean doRequestAuth, CancellationToken cancellationToken)
   at System.Net.Http.DiagnosticsHandler.SendAsyncCore(HttpRequestMessage request, Boolean async, CancellationToken cancellationToken)
   at System.Net.Http.RedirectHandler.SendAsync(HttpRequestMessage request, Boolean async, CancellationToken cancellationToken)
   at Microsoft.Extensions.Http.Logging.LoggingHttpMessageHandler.<SendCoreAsync>g__Core|5_0(HttpRequestMessage request, Boolean useAsync, CancellationToken cancellationToken)
   at Microsoft.Extensions.Http.Logging.LoggingScopeHttpMessageHandler.<SendCoreAsync>g__Core|5_0(HttpRequestMessage request, Boolean useAsync, CancellationToken cancellationToken)
   at Grpc.Net.Client.Balancer.Internal.BalancerHttpHandler.SendAsync(HttpRequestMessage request, CancellationToken cancellationToken)
   at Grpc.Net.Client.Internal.GrpcCall`2.RunCall(HttpRequestMessage request, Nullable`1 timeout)
   --- End of inner exception stack trace ---
   at Medical.Client.Services.AppointmentServiceGrpc.GetAppointmentsAsync(AppointmentRequest request) in D:\OtherProjects\MedicalApp\Medical.Client\Services\AppointmentService.cs:line 33
   at Medical.Client.Models.Patients.MyPatientsModel.OnGetAsync() in D:\OtherProjects\MedicalApp\Medical.Client\Models\Patients\MyPatientsModel.cs:line 41
2025-01-30 08:52:32.371 +02:00 [INF] Requesting appointments for PatientId: 
2025-01-30 08:52:32.384 +02:00 [INF] Call failed with gRPC error status. Status code: '"Internal"', Message: 'Error starting gRPC call. HttpRequestException: The SSL connection could not be established, see inner exception. AuthenticationException: The remote certificate is invalid because of errors in the certificate chain: UntrustedRoot'.
System.Net.Http.HttpRequestException: The SSL connection could not be established, see inner exception.
 ---> System.Security.Authentication.AuthenticationException: The remote certificate is invalid because of errors in the certificate chain: UntrustedRoot
   at System.Net.Security.SslStream.CompleteHandshake(SslAuthenticationOptions sslAuthenticationOptions)
   at System.Net.Security.SslStream.ForceAuthenticationAsync[TIOAdapter](Boolean receiveFirst, Byte[] reAuthenticationData, CancellationToken cancellationToken)
   at System.Net.Http.ConnectHelper.EstablishSslConnectionAsync(SslClientAuthenticationOptions sslOptions, HttpRequestMessage request, Boolean async, Stream stream, CancellationToken cancellationToken)
   --- End of inner exception stack trace ---
   at System.Net.Http.ConnectHelper.EstablishSslConnectionAsync(SslClientAuthenticationOptions sslOptions, HttpRequestMessage request, Boolean async, Stream stream, CancellationToken cancellationToken)
   at System.Net.Http.HttpConnectionPool.ConnectAsync(HttpRequestMessage request, Boolean async, CancellationToken cancellationToken)
   at System.Net.Http.HttpConnectionPool.AddHttp2ConnectionAsync(QueueItem queueItem)
   at System.Threading.Tasks.TaskCompletionSourceWithCancellation`1.WaitWithCancellationAsync(CancellationToken cancellationToken)
   at System.Net.Http.HttpConnectionPool.SendWithVersionDetectionAndRetryAsync(HttpRequestMessage request, Boolean async, Boolean doRequestAuth, CancellationToken cancellationToken)
   at System.Net.Http.DiagnosticsHandler.SendAsyncCore(HttpRequestMessage request, Boolean async, CancellationToken cancellationToken)
   at System.Net.Http.RedirectHandler.SendAsync(HttpRequestMessage request, Boolean async, CancellationToken cancellationToken)
   at Microsoft.Extensions.Http.Logging.LoggingHttpMessageHandler.<SendCoreAsync>g__Core|5_0(HttpRequestMessage request, Boolean useAsync, CancellationToken cancellationToken)
   at Microsoft.Extensions.Http.Logging.LoggingScopeHttpMessageHandler.<SendCoreAsync>g__Core|5_0(HttpRequestMessage request, Boolean useAsync, CancellationToken cancellationToken)
   at Grpc.Net.Client.Balancer.Internal.BalancerHttpHandler.SendAsync(HttpRequestMessage request, CancellationToken cancellationToken)
   at Grpc.Net.Client.Internal.GrpcCall`2.RunCall(HttpRequestMessage request, Nullable`1 timeout)
2025-01-30 08:52:32.393 +02:00 [ERR] Error getting appointments. Status: Status(StatusCode="Internal", Detail="Error starting gRPC call. HttpRequestException: The SSL connection could not be established, see inner exception. AuthenticationException: The remote certificate is invalid because of errors in the certificate chain: UntrustedRoot", DebugException="System.Net.Http.HttpRequestException: The SSL connection could not be established, see inner exception.")
Grpc.Core.RpcException: Status(StatusCode="Internal", Detail="Error starting gRPC call. HttpRequestException: The SSL connection could not be established, see inner exception. AuthenticationException: The remote certificate is invalid because of errors in the certificate chain: UntrustedRoot", DebugException="System.Net.Http.HttpRequestException: The SSL connection could not be established, see inner exception.")
 ---> System.Net.Http.HttpRequestException: The SSL connection could not be established, see inner exception.
 ---> System.Security.Authentication.AuthenticationException: The remote certificate is invalid because of errors in the certificate chain: UntrustedRoot
   at System.Net.Security.SslStream.CompleteHandshake(SslAuthenticationOptions sslAuthenticationOptions)
   at System.Net.Security.SslStream.ForceAuthenticationAsync[TIOAdapter](Boolean receiveFirst, Byte[] reAuthenticationData, CancellationToken cancellationToken)
   at System.Net.Http.ConnectHelper.EstablishSslConnectionAsync(SslClientAuthenticationOptions sslOptions, HttpRequestMessage request, Boolean async, Stream stream, CancellationToken cancellationToken)
   --- End of inner exception stack trace ---
   at System.Net.Http.ConnectHelper.EstablishSslConnectionAsync(SslClientAuthenticationOptions sslOptions, HttpRequestMessage request, Boolean async, Stream stream, CancellationToken cancellationToken)
   at System.Net.Http.HttpConnectionPool.ConnectAsync(HttpRequestMessage request, Boolean async, CancellationToken cancellationToken)
   at System.Net.Http.HttpConnectionPool.AddHttp2ConnectionAsync(QueueItem queueItem)
   at System.Threading.Tasks.TaskCompletionSourceWithCancellation`1.WaitWithCancellationAsync(CancellationToken cancellationToken)
   at System.Net.Http.HttpConnectionPool.SendWithVersionDetectionAndRetryAsync(HttpRequestMessage request, Boolean async, Boolean doRequestAuth, CancellationToken cancellationToken)
   at System.Net.Http.DiagnosticsHandler.SendAsyncCore(HttpRequestMessage request, Boolean async, CancellationToken cancellationToken)
   at System.Net.Http.RedirectHandler.SendAsync(HttpRequestMessage request, Boolean async, CancellationToken cancellationToken)
   at Microsoft.Extensions.Http.Logging.LoggingHttpMessageHandler.<SendCoreAsync>g__Core|5_0(HttpRequestMessage request, Boolean useAsync, CancellationToken cancellationToken)
   at Microsoft.Extensions.Http.Logging.LoggingScopeHttpMessageHandler.<SendCoreAsync>g__Core|5_0(HttpRequestMessage request, Boolean useAsync, CancellationToken cancellationToken)
   at Grpc.Net.Client.Balancer.Internal.BalancerHttpHandler.SendAsync(HttpRequestMessage request, CancellationToken cancellationToken)
   at Grpc.Net.Client.Internal.GrpcCall`2.RunCall(HttpRequestMessage request, Nullable`1 timeout)
   --- End of inner exception stack trace ---
   at Medical.Client.Services.AppointmentServiceGrpc.GetAppointmentsAsync(AppointmentRequest request) in D:\OtherProjects\MedicalApp\Medical.Client\Services\AppointmentService.cs:line 33
2025-01-30 08:52:32.400 +02:00 [ERR] Error loading appointments for user 85d1fd00-89bf-456c-8c24-df2a8d27dd69
Grpc.Core.RpcException: Status(StatusCode="Internal", Detail="Error starting gRPC call. HttpRequestException: The SSL connection could not be established, see inner exception. AuthenticationException: The remote certificate is invalid because of errors in the certificate chain: UntrustedRoot", DebugException="System.Net.Http.HttpRequestException: The SSL connection could not be established, see inner exception.")
 ---> System.Net.Http.HttpRequestException: The SSL connection could not be established, see inner exception.
 ---> System.Security.Authentication.AuthenticationException: The remote certificate is invalid because of errors in the certificate chain: UntrustedRoot
   at System.Net.Security.SslStream.CompleteHandshake(SslAuthenticationOptions sslAuthenticationOptions)
   at System.Net.Security.SslStream.ForceAuthenticationAsync[TIOAdapter](Boolean receiveFirst, Byte[] reAuthenticationData, CancellationToken cancellationToken)
   at System.Net.Http.ConnectHelper.EstablishSslConnectionAsync(SslClientAuthenticationOptions sslOptions, HttpRequestMessage request, Boolean async, Stream stream, CancellationToken cancellationToken)
   --- End of inner exception stack trace ---
   at System.Net.Http.ConnectHelper.EstablishSslConnectionAsync(SslClientAuthenticationOptions sslOptions, HttpRequestMessage request, Boolean async, Stream stream, CancellationToken cancellationToken)
   at System.Net.Http.HttpConnectionPool.ConnectAsync(HttpRequestMessage request, Boolean async, CancellationToken cancellationToken)
   at System.Net.Http.HttpConnectionPool.AddHttp2ConnectionAsync(QueueItem queueItem)
   at System.Threading.Tasks.TaskCompletionSourceWithCancellation`1.WaitWithCancellationAsync(CancellationToken cancellationToken)
   at System.Net.Http.HttpConnectionPool.SendWithVersionDetectionAndRetryAsync(HttpRequestMessage request, Boolean async, Boolean doRequestAuth, CancellationToken cancellationToken)
   at System.Net.Http.DiagnosticsHandler.SendAsyncCore(HttpRequestMessage request, Boolean async, CancellationToken cancellationToken)
   at System.Net.Http.RedirectHandler.SendAsync(HttpRequestMessage request, Boolean async, CancellationToken cancellationToken)
   at Microsoft.Extensions.Http.Logging.LoggingHttpMessageHandler.<SendCoreAsync>g__Core|5_0(HttpRequestMessage request, Boolean useAsync, CancellationToken cancellationToken)
   at Microsoft.Extensions.Http.Logging.LoggingScopeHttpMessageHandler.<SendCoreAsync>g__Core|5_0(HttpRequestMessage request, Boolean useAsync, CancellationToken cancellationToken)
   at Grpc.Net.Client.Balancer.Internal.BalancerHttpHandler.SendAsync(HttpRequestMessage request, CancellationToken cancellationToken)
   at Grpc.Net.Client.Internal.GrpcCall`2.RunCall(HttpRequestMessage request, Nullable`1 timeout)
   --- End of inner exception stack trace ---
   at Medical.Client.Services.AppointmentServiceGrpc.GetAppointmentsAsync(AppointmentRequest request) in D:\OtherProjects\MedicalApp\Medical.Client\Services\AppointmentService.cs:line 33
   at Medical.Client.Models.Appointments.MyAppointmentsModel.OnGetAsync() in D:\OtherProjects\MedicalApp\Medical.Client\Models\Appointments\MyAppointmentsModel.cs:line 75
2025-01-30 08:52:33.384 +02:00 [INF] Requesting appointments for PatientId: 
2025-01-30 08:52:33.393 +02:00 [INF] Call failed with gRPC error status. Status code: '"Internal"', Message: 'Error starting gRPC call. HttpRequestException: The SSL connection could not be established, see inner exception. AuthenticationException: The remote certificate is invalid because of errors in the certificate chain: UntrustedRoot'.
System.Net.Http.HttpRequestException: The SSL connection could not be established, see inner exception.
 ---> System.Security.Authentication.AuthenticationException: The remote certificate is invalid because of errors in the certificate chain: UntrustedRoot
   at System.Net.Security.SslStream.CompleteHandshake(SslAuthenticationOptions sslAuthenticationOptions)
   at System.Net.Security.SslStream.ForceAuthenticationAsync[TIOAdapter](Boolean receiveFirst, Byte[] reAuthenticationData, CancellationToken cancellationToken)
   at System.Net.Http.ConnectHelper.EstablishSslConnectionAsync(SslClientAuthenticationOptions sslOptions, HttpRequestMessage request, Boolean async, Stream stream, CancellationToken cancellationToken)
   --- End of inner exception stack trace ---
   at System.Net.Http.ConnectHelper.EstablishSslConnectionAsync(SslClientAuthenticationOptions sslOptions, HttpRequestMessage request, Boolean async, Stream stream, CancellationToken cancellationToken)
   at System.Net.Http.HttpConnectionPool.ConnectAsync(HttpRequestMessage request, Boolean async, CancellationToken cancellationToken)
   at System.Net.Http.HttpConnectionPool.AddHttp2ConnectionAsync(QueueItem queueItem)
   at System.Threading.Tasks.TaskCompletionSourceWithCancellation`1.WaitWithCancellationAsync(CancellationToken cancellationToken)
   at System.Net.Http.HttpConnectionPool.SendWithVersionDetectionAndRetryAsync(HttpRequestMessage request, Boolean async, Boolean doRequestAuth, CancellationToken cancellationToken)
   at System.Net.Http.DiagnosticsHandler.SendAsyncCore(HttpRequestMessage request, Boolean async, CancellationToken cancellationToken)
   at System.Net.Http.RedirectHandler.SendAsync(HttpRequestMessage request, Boolean async, CancellationToken cancellationToken)
   at Microsoft.Extensions.Http.Logging.LoggingHttpMessageHandler.<SendCoreAsync>g__Core|5_0(HttpRequestMessage request, Boolean useAsync, CancellationToken cancellationToken)
   at Microsoft.Extensions.Http.Logging.LoggingScopeHttpMessageHandler.<SendCoreAsync>g__Core|5_0(HttpRequestMessage request, Boolean useAsync, CancellationToken cancellationToken)
   at Grpc.Net.Client.Balancer.Internal.BalancerHttpHandler.SendAsync(HttpRequestMessage request, CancellationToken cancellationToken)
   at Grpc.Net.Client.Internal.GrpcCall`2.RunCall(HttpRequestMessage request, Nullable`1 timeout)
2025-01-30 08:52:33.398 +02:00 [ERR] Error getting appointments. Status: Status(StatusCode="Internal", Detail="Error starting gRPC call. HttpRequestException: The SSL connection could not be established, see inner exception. AuthenticationException: The remote certificate is invalid because of errors in the certificate chain: UntrustedRoot", DebugException="System.Net.Http.HttpRequestException: The SSL connection could not be established, see inner exception.")
Grpc.Core.RpcException: Status(StatusCode="Internal", Detail="Error starting gRPC call. HttpRequestException: The SSL connection could not be established, see inner exception. AuthenticationException: The remote certificate is invalid because of errors in the certificate chain: UntrustedRoot", DebugException="System.Net.Http.HttpRequestException: The SSL connection could not be established, see inner exception.")
 ---> System.Net.Http.HttpRequestException: The SSL connection could not be established, see inner exception.
 ---> System.Security.Authentication.AuthenticationException: The remote certificate is invalid because of errors in the certificate chain: UntrustedRoot
   at System.Net.Security.SslStream.CompleteHandshake(SslAuthenticationOptions sslAuthenticationOptions)
   at System.Net.Security.SslStream.ForceAuthenticationAsync[TIOAdapter](Boolean receiveFirst, Byte[] reAuthenticationData, CancellationToken cancellationToken)
   at System.Net.Http.ConnectHelper.EstablishSslConnectionAsync(SslClientAuthenticationOptions sslOptions, HttpRequestMessage request, Boolean async, Stream stream, CancellationToken cancellationToken)
   --- End of inner exception stack trace ---
   at System.Net.Http.ConnectHelper.EstablishSslConnectionAsync(SslClientAuthenticationOptions sslOptions, HttpRequestMessage request, Boolean async, Stream stream, CancellationToken cancellationToken)
   at System.Net.Http.HttpConnectionPool.ConnectAsync(HttpRequestMessage request, Boolean async, CancellationToken cancellationToken)
   at System.Net.Http.HttpConnectionPool.AddHttp2ConnectionAsync(QueueItem queueItem)
   at System.Threading.Tasks.TaskCompletionSourceWithCancellation`1.WaitWithCancellationAsync(CancellationToken cancellationToken)
   at System.Net.Http.HttpConnectionPool.SendWithVersionDetectionAndRetryAsync(HttpRequestMessage request, Boolean async, Boolean doRequestAuth, CancellationToken cancellationToken)
   at System.Net.Http.DiagnosticsHandler.SendAsyncCore(HttpRequestMessage request, Boolean async, CancellationToken cancellationToken)
   at System.Net.Http.RedirectHandler.SendAsync(HttpRequestMessage request, Boolean async, CancellationToken cancellationToken)
   at Microsoft.Extensions.Http.Logging.LoggingHttpMessageHandler.<SendCoreAsync>g__Core|5_0(HttpRequestMessage request, Boolean useAsync, CancellationToken cancellationToken)
   at Microsoft.Extensions.Http.Logging.LoggingScopeHttpMessageHandler.<SendCoreAsync>g__Core|5_0(HttpRequestMessage request, Boolean useAsync, CancellationToken cancellationToken)
   at Grpc.Net.Client.Balancer.Internal.BalancerHttpHandler.SendAsync(HttpRequestMessage request, CancellationToken cancellationToken)
   at Grpc.Net.Client.Internal.GrpcCall`2.RunCall(HttpRequestMessage request, Nullable`1 timeout)
   --- End of inner exception stack trace ---
   at Medical.Client.Services.AppointmentServiceGrpc.GetAppointmentsAsync(AppointmentRequest request) in D:\OtherProjects\MedicalApp\Medical.Client\Services\AppointmentService.cs:line 33
2025-01-30 08:52:33.404 +02:00 [ERR] Error loading doctor schedule
Grpc.Core.RpcException: Status(StatusCode="Internal", Detail="Error starting gRPC call. HttpRequestException: The SSL connection could not be established, see inner exception. AuthenticationException: The remote certificate is invalid because of errors in the certificate chain: UntrustedRoot", DebugException="System.Net.Http.HttpRequestException: The SSL connection could not be established, see inner exception.")
 ---> System.Net.Http.HttpRequestException: The SSL connection could not be established, see inner exception.
 ---> System.Security.Authentication.AuthenticationException: The remote certificate is invalid because of errors in the certificate chain: UntrustedRoot
   at System.Net.Security.SslStream.CompleteHandshake(SslAuthenticationOptions sslAuthenticationOptions)
   at System.Net.Security.SslStream.ForceAuthenticationAsync[TIOAdapter](Boolean receiveFirst, Byte[] reAuthenticationData, CancellationToken cancellationToken)
   at System.Net.Http.ConnectHelper.EstablishSslConnectionAsync(SslClientAuthenticationOptions sslOptions, HttpRequestMessage request, Boolean async, Stream stream, CancellationToken cancellationToken)
   --- End of inner exception stack trace ---
   at System.Net.Http.ConnectHelper.EstablishSslConnectionAsync(SslClientAuthenticationOptions sslOptions, HttpRequestMessage request, Boolean async, Stream stream, CancellationToken cancellationToken)
   at System.Net.Http.HttpConnectionPool.ConnectAsync(HttpRequestMessage request, Boolean async, CancellationToken cancellationToken)
   at System.Net.Http.HttpConnectionPool.AddHttp2ConnectionAsync(QueueItem queueItem)
   at System.Threading.Tasks.TaskCompletionSourceWithCancellation`1.WaitWithCancellationAsync(CancellationToken cancellationToken)
   at System.Net.Http.HttpConnectionPool.SendWithVersionDetectionAndRetryAsync(HttpRequestMessage request, Boolean async, Boolean doRequestAuth, CancellationToken cancellationToken)
   at System.Net.Http.DiagnosticsHandler.SendAsyncCore(HttpRequestMessage request, Boolean async, CancellationToken cancellationToken)
   at System.Net.Http.RedirectHandler.SendAsync(HttpRequestMessage request, Boolean async, CancellationToken cancellationToken)
   at Microsoft.Extensions.Http.Logging.LoggingHttpMessageHandler.<SendCoreAsync>g__Core|5_0(HttpRequestMessage request, Boolean useAsync, CancellationToken cancellationToken)
   at Microsoft.Extensions.Http.Logging.LoggingScopeHttpMessageHandler.<SendCoreAsync>g__Core|5_0(HttpRequestMessage request, Boolean useAsync, CancellationToken cancellationToken)
   at Grpc.Net.Client.Balancer.Internal.BalancerHttpHandler.SendAsync(HttpRequestMessage request, CancellationToken cancellationToken)
   at Grpc.Net.Client.Internal.GrpcCall`2.RunCall(HttpRequestMessage request, Nullable`1 timeout)
   --- End of inner exception stack trace ---
   at Medical.Client.Services.AppointmentServiceGrpc.GetAppointmentsAsync(AppointmentRequest request) in D:\OtherProjects\MedicalApp\Medical.Client\Services\AppointmentService.cs:line 33
   at Medical.Client.Models.Appointments.DoctorScheduleModel.OnGetAsync() in D:\OtherProjects\MedicalApp\Medical.Client\Models\Appointments\DoctorScheduleModel.cs:line 49
2025-01-30 08:52:35.467 +02:00 [ERR] An unhandled exception has occurred while executing the request.
System.Security.Cryptography.CryptographicException: Не удается найти указанный файл.
   at System.Security.Cryptography.X509Certificates.CertificatePal.FromBlobOrFile(ReadOnlySpan`1 rawData, String fileName, SafePasswordHandle password, X509KeyStorageFlags keyStorageFlags)
   at System.Security.Cryptography.X509Certificates.X509Certificate..ctor(String fileName, String password, X509KeyStorageFlags keyStorageFlags)
   at Program.<>c.<<Main>$>b__0_5(GrpcChannelOptions options) in D:\OtherProjects\MedicalApp\Medical.Client\Program.cs:line 73
   at Grpc.Net.ClientFactory.Internal.GrpcCallInvokerFactory.CreateInvoker(EntryKey key)
   at System.Collections.Concurrent.ConcurrentDictionary`2.GetOrAdd(TKey key, Func`2 valueFactory)
   at Grpc.Net.ClientFactory.Internal.GrpcCallInvokerFactory.CreateInvoker(String name, Type type)
   at Grpc.Net.ClientFactory.Internal.DefaultGrpcClientFactory.CreateClient[TClient](String name)
   at Microsoft.Extensions.DependencyInjection.GrpcClientServiceExtensions.<>c__DisplayClass7_0`1.<AddGrpcHttpClient>b__0(IServiceProvider s)
   at Microsoft.Extensions.DependencyInjection.ServiceLookup.CallSiteVisitor`2.VisitCallSiteMain(ServiceCallSite callSite, TArgument argument)
   at Microsoft.Extensions.DependencyInjection.ServiceLookup.CallSiteVisitor`2.VisitCallSite(ServiceCallSite callSite, TArgument argument)
   at Microsoft.Extensions.DependencyInjection.ServiceLookup.CallSiteVisitor`2.VisitCallSiteMain(ServiceCallSite callSite, TArgument argument)
   at Microsoft.Extensions.DependencyInjection.ServiceLookup.CallSiteRuntimeResolver.VisitCache(ServiceCallSite callSite, RuntimeResolverContext context, ServiceProviderEngineScope serviceProviderEngine, RuntimeResolverLock lockType)
   at Microsoft.Extensions.DependencyInjection.ServiceLookup.CallSiteRuntimeResolver.VisitScopeCache(ServiceCallSite callSite, RuntimeResolverContext context)
   at Microsoft.Extensions.DependencyInjection.ServiceLookup.CallSiteVisitor`2.VisitCallSite(ServiceCallSite callSite, TArgument argument)
   at Microsoft.Extensions.DependencyInjection.ServiceLookup.CallSiteRuntimeResolver.Resolve(ServiceCallSite callSite, ServiceProviderEngineScope scope)
   at Microsoft.Extensions.DependencyInjection.ServiceLookup.DynamicServiceProviderEngine.<>c__DisplayClass2_0.<RealizeService>b__0(ServiceProviderEngineScope scope)
   at Microsoft.Extensions.DependencyInjection.ServiceLookup.ServiceProviderEngineScope.GetService(Type serviceType)
   at lambda_method73(Closure, IServiceProvider, Object[])
   at Microsoft.AspNetCore.Mvc.RazorPages.Infrastructure.DefaultPageModelFactoryProvider.<>c__DisplayClass3_0.<CreateModelFactory>b__0(PageContext pageContext)
   at Microsoft.AspNetCore.Mvc.RazorPages.Infrastructure.PageActionInvoker.CreateInstance()
   at Microsoft.AspNetCore.Mvc.RazorPages.Infrastructure.PageActionInvoker.Next(State& next, Scope& scope, Object& state, Boolean& isCompleted)
   at Microsoft.AspNetCore.Mvc.RazorPages.Infrastructure.PageActionInvoker.InvokeInnerFilterAsync()
   at Microsoft.AspNetCore.Mvc.Infrastructure.ResourceInvoker.<InvokeNextResourceFilter>g__Awaited|25_0(ResourceInvoker invoker, Task lastTask, State next, Scope scope, Object state, Boolean isCompleted)
   at Microsoft.AspNetCore.Mvc.Infrastructure.ResourceInvoker.Rethrow(ResourceExecutedContextSealed context)
   at Microsoft.AspNetCore.Mvc.Infrastructure.ResourceInvoker.Next(State& next, Scope& scope, Object& state, Boolean& isCompleted)
   at Microsoft.AspNetCore.Mvc.Infrastructure.ResourceInvoker.InvokeFilterPipelineAsync()
--- End of stack trace from previous location ---
   at Microsoft.AspNetCore.Mvc.Infrastructure.ResourceInvoker.<InvokeAsync>g__Logged|17_1(ResourceInvoker invoker)
   at Microsoft.AspNetCore.Mvc.Infrastructure.ResourceInvoker.<InvokeAsync>g__Logged|17_1(ResourceInvoker invoker)
   at Medical.Client.Middleware.AuthenticationMiddleware.InvokeAsync(HttpContext context) in D:\OtherProjects\MedicalApp\Medical.Client\Middleware\AuthenticationMiddleware.cs:line 36
   at Microsoft.AspNetCore.Authorization.AuthorizationMiddleware.Invoke(HttpContext context)
   at Microsoft.AspNetCore.Authentication.AuthenticationMiddleware.Invoke(HttpContext context)
   at Microsoft.AspNetCore.Diagnostics.DeveloperExceptionPageMiddlewareImpl.Invoke(HttpContext context)
2025-01-30 08:53:26.764 +02:00 [INF] Starting Medical Client web application
2025-01-30 08:53:28.165 +02:00 [INF] User authenticated: true, Role: Doctor
2025-01-30 08:53:30.357 +02:00 [INF] Requesting appointments for PatientId: 
2025-01-30 08:53:30.612 +02:00 [INF] Call failed with gRPC error status. Status code: '"Internal"', Message: 'Error starting gRPC call. HttpRequestException: The SSL connection could not be established, see inner exception. AuthenticationException: The remote certificate is invalid because of errors in the certificate chain: UntrustedRoot'.
System.Net.Http.HttpRequestException: The SSL connection could not be established, see inner exception.
 ---> System.Security.Authentication.AuthenticationException: The remote certificate is invalid because of errors in the certificate chain: UntrustedRoot
   at System.Net.Security.SslStream.CompleteHandshake(SslAuthenticationOptions sslAuthenticationOptions)
   at System.Net.Security.SslStream.ForceAuthenticationAsync[TIOAdapter](Boolean receiveFirst, Byte[] reAuthenticationData, CancellationToken cancellationToken)
   at System.Net.Http.ConnectHelper.EstablishSslConnectionAsync(SslClientAuthenticationOptions sslOptions, HttpRequestMessage request, Boolean async, Stream stream, CancellationToken cancellationToken)
   --- End of inner exception stack trace ---
   at System.Net.Http.ConnectHelper.EstablishSslConnectionAsync(SslClientAuthenticationOptions sslOptions, HttpRequestMessage request, Boolean async, Stream stream, CancellationToken cancellationToken)
   at System.Net.Http.HttpConnectionPool.ConnectAsync(HttpRequestMessage request, Boolean async, CancellationToken cancellationToken)
   at System.Net.Http.HttpConnectionPool.AddHttp2ConnectionAsync(QueueItem queueItem)
   at System.Threading.Tasks.TaskCompletionSourceWithCancellation`1.WaitWithCancellationAsync(CancellationToken cancellationToken)
   at System.Net.Http.HttpConnectionPool.SendWithVersionDetectionAndRetryAsync(HttpRequestMessage request, Boolean async, Boolean doRequestAuth, CancellationToken cancellationToken)
   at System.Net.Http.DiagnosticsHandler.SendAsyncCore(HttpRequestMessage request, Boolean async, CancellationToken cancellationToken)
   at System.Net.Http.RedirectHandler.SendAsync(HttpRequestMessage request, Boolean async, CancellationToken cancellationToken)
   at Microsoft.Extensions.Http.Logging.LoggingHttpMessageHandler.<SendCoreAsync>g__Core|5_0(HttpRequestMessage request, Boolean useAsync, CancellationToken cancellationToken)
   at Microsoft.Extensions.Http.Logging.LoggingScopeHttpMessageHandler.<SendCoreAsync>g__Core|5_0(HttpRequestMessage request, Boolean useAsync, CancellationToken cancellationToken)
   at Grpc.Net.Client.Balancer.Internal.BalancerHttpHandler.SendAsync(HttpRequestMessage request, CancellationToken cancellationToken)
   at Grpc.Net.Client.Internal.GrpcCall`2.RunCall(HttpRequestMessage request, Nullable`1 timeout)
2025-01-30 08:53:30.645 +02:00 [ERR] Error getting appointments. Status: Status(StatusCode="Internal", Detail="Error starting gRPC call. HttpRequestException: The SSL connection could not be established, see inner exception. AuthenticationException: The remote certificate is invalid because of errors in the certificate chain: UntrustedRoot", DebugException="System.Net.Http.HttpRequestException: The SSL connection could not be established, see inner exception.")
Grpc.Core.RpcException: Status(StatusCode="Internal", Detail="Error starting gRPC call. HttpRequestException: The SSL connection could not be established, see inner exception. AuthenticationException: The remote certificate is invalid because of errors in the certificate chain: UntrustedRoot", DebugException="System.Net.Http.HttpRequestException: The SSL connection could not be established, see inner exception.")
 ---> System.Net.Http.HttpRequestException: The SSL connection could not be established, see inner exception.
 ---> System.Security.Authentication.AuthenticationException: The remote certificate is invalid because of errors in the certificate chain: UntrustedRoot
   at System.Net.Security.SslStream.CompleteHandshake(SslAuthenticationOptions sslAuthenticationOptions)
   at System.Net.Security.SslStream.ForceAuthenticationAsync[TIOAdapter](Boolean receiveFirst, Byte[] reAuthenticationData, CancellationToken cancellationToken)
   at System.Net.Http.ConnectHelper.EstablishSslConnectionAsync(SslClientAuthenticationOptions sslOptions, HttpRequestMessage request, Boolean async, Stream stream, CancellationToken cancellationToken)
   --- End of inner exception stack trace ---
   at System.Net.Http.ConnectHelper.EstablishSslConnectionAsync(SslClientAuthenticationOptions sslOptions, HttpRequestMessage request, Boolean async, Stream stream, CancellationToken cancellationToken)
   at System.Net.Http.HttpConnectionPool.ConnectAsync(HttpRequestMessage request, Boolean async, CancellationToken cancellationToken)
   at System.Net.Http.HttpConnectionPool.AddHttp2ConnectionAsync(QueueItem queueItem)
   at System.Threading.Tasks.TaskCompletionSourceWithCancellation`1.WaitWithCancellationAsync(CancellationToken cancellationToken)
   at System.Net.Http.HttpConnectionPool.SendWithVersionDetectionAndRetryAsync(HttpRequestMessage request, Boolean async, Boolean doRequestAuth, CancellationToken cancellationToken)
   at System.Net.Http.DiagnosticsHandler.SendAsyncCore(HttpRequestMessage request, Boolean async, CancellationToken cancellationToken)
   at System.Net.Http.RedirectHandler.SendAsync(HttpRequestMessage request, Boolean async, CancellationToken cancellationToken)
   at Microsoft.Extensions.Http.Logging.LoggingHttpMessageHandler.<SendCoreAsync>g__Core|5_0(HttpRequestMessage request, Boolean useAsync, CancellationToken cancellationToken)
   at Microsoft.Extensions.Http.Logging.LoggingScopeHttpMessageHandler.<SendCoreAsync>g__Core|5_0(HttpRequestMessage request, Boolean useAsync, CancellationToken cancellationToken)
   at Grpc.Net.Client.Balancer.Internal.BalancerHttpHandler.SendAsync(HttpRequestMessage request, CancellationToken cancellationToken)
   at Grpc.Net.Client.Internal.GrpcCall`2.RunCall(HttpRequestMessage request, Nullable`1 timeout)
   --- End of inner exception stack trace ---
   at Medical.Client.Services.AppointmentServiceGrpc.GetAppointmentsAsync(AppointmentRequest request) in D:\OtherProjects\MedicalApp\Medical.Client\Services\AppointmentService.cs:line 33
2025-01-30 08:53:30.664 +02:00 [ERR] Error retrieving patients
Grpc.Core.RpcException: Status(StatusCode="Internal", Detail="Error starting gRPC call. HttpRequestException: The SSL connection could not be established, see inner exception. AuthenticationException: The remote certificate is invalid because of errors in the certificate chain: UntrustedRoot", DebugException="System.Net.Http.HttpRequestException: The SSL connection could not be established, see inner exception.")
 ---> System.Net.Http.HttpRequestException: The SSL connection could not be established, see inner exception.
 ---> System.Security.Authentication.AuthenticationException: The remote certificate is invalid because of errors in the certificate chain: UntrustedRoot
   at System.Net.Security.SslStream.CompleteHandshake(SslAuthenticationOptions sslAuthenticationOptions)
   at System.Net.Security.SslStream.ForceAuthenticationAsync[TIOAdapter](Boolean receiveFirst, Byte[] reAuthenticationData, CancellationToken cancellationToken)
   at System.Net.Http.ConnectHelper.EstablishSslConnectionAsync(SslClientAuthenticationOptions sslOptions, HttpRequestMessage request, Boolean async, Stream stream, CancellationToken cancellationToken)
   --- End of inner exception stack trace ---
   at System.Net.Http.ConnectHelper.EstablishSslConnectionAsync(SslClientAuthenticationOptions sslOptions, HttpRequestMessage request, Boolean async, Stream stream, CancellationToken cancellationToken)
   at System.Net.Http.HttpConnectionPool.ConnectAsync(HttpRequestMessage request, Boolean async, CancellationToken cancellationToken)
   at System.Net.Http.HttpConnectionPool.AddHttp2ConnectionAsync(QueueItem queueItem)
   at System.Threading.Tasks.TaskCompletionSourceWithCancellation`1.WaitWithCancellationAsync(CancellationToken cancellationToken)
   at System.Net.Http.HttpConnectionPool.SendWithVersionDetectionAndRetryAsync(HttpRequestMessage request, Boolean async, Boolean doRequestAuth, CancellationToken cancellationToken)
   at System.Net.Http.DiagnosticsHandler.SendAsyncCore(HttpRequestMessage request, Boolean async, CancellationToken cancellationToken)
   at System.Net.Http.RedirectHandler.SendAsync(HttpRequestMessage request, Boolean async, CancellationToken cancellationToken)
   at Microsoft.Extensions.Http.Logging.LoggingHttpMessageHandler.<SendCoreAsync>g__Core|5_0(HttpRequestMessage request, Boolean useAsync, CancellationToken cancellationToken)
   at Microsoft.Extensions.Http.Logging.LoggingScopeHttpMessageHandler.<SendCoreAsync>g__Core|5_0(HttpRequestMessage request, Boolean useAsync, CancellationToken cancellationToken)
   at Grpc.Net.Client.Balancer.Internal.BalancerHttpHandler.SendAsync(HttpRequestMessage request, CancellationToken cancellationToken)
   at Grpc.Net.Client.Internal.GrpcCall`2.RunCall(HttpRequestMessage request, Nullable`1 timeout)
   --- End of inner exception stack trace ---
   at Medical.Client.Services.AppointmentServiceGrpc.GetAppointmentsAsync(AppointmentRequest request) in D:\OtherProjects\MedicalApp\Medical.Client\Services\AppointmentService.cs:line 33
   at Medical.Client.Models.Patients.MyPatientsModel.OnGetAsync() in D:\OtherProjects\MedicalApp\Medical.Client\Models\Patients\MyPatientsModel.cs:line 41
2025-01-30 08:53:31.657 +02:00 [INF] Requesting appointments for PatientId: 
2025-01-30 08:53:31.676 +02:00 [INF] Call failed with gRPC error status. Status code: '"Internal"', Message: 'Error starting gRPC call. HttpRequestException: The SSL connection could not be established, see inner exception. AuthenticationException: The remote certificate is invalid because of errors in the certificate chain: UntrustedRoot'.
System.Net.Http.HttpRequestException: The SSL connection could not be established, see inner exception.
 ---> System.Security.Authentication.AuthenticationException: The remote certificate is invalid because of errors in the certificate chain: UntrustedRoot
   at System.Net.Security.SslStream.CompleteHandshake(SslAuthenticationOptions sslAuthenticationOptions)
   at System.Net.Security.SslStream.ForceAuthenticationAsync[TIOAdapter](Boolean receiveFirst, Byte[] reAuthenticationData, CancellationToken cancellationToken)
   at System.Net.Http.ConnectHelper.EstablishSslConnectionAsync(SslClientAuthenticationOptions sslOptions, HttpRequestMessage request, Boolean async, Stream stream, CancellationToken cancellationToken)
   --- End of inner exception stack trace ---
   at System.Net.Http.ConnectHelper.EstablishSslConnectionAsync(SslClientAuthenticationOptions sslOptions, HttpRequestMessage request, Boolean async, Stream stream, CancellationToken cancellationToken)
   at System.Net.Http.HttpConnectionPool.ConnectAsync(HttpRequestMessage request, Boolean async, CancellationToken cancellationToken)
   at System.Net.Http.HttpConnectionPool.AddHttp2ConnectionAsync(QueueItem queueItem)
   at System.Threading.Tasks.TaskCompletionSourceWithCancellation`1.WaitWithCancellationAsync(CancellationToken cancellationToken)
   at System.Net.Http.HttpConnectionPool.SendWithVersionDetectionAndRetryAsync(HttpRequestMessage request, Boolean async, Boolean doRequestAuth, CancellationToken cancellationToken)
   at System.Net.Http.DiagnosticsHandler.SendAsyncCore(HttpRequestMessage request, Boolean async, CancellationToken cancellationToken)
   at System.Net.Http.RedirectHandler.SendAsync(HttpRequestMessage request, Boolean async, CancellationToken cancellationToken)
   at Microsoft.Extensions.Http.Logging.LoggingHttpMessageHandler.<SendCoreAsync>g__Core|5_0(HttpRequestMessage request, Boolean useAsync, CancellationToken cancellationToken)
   at Microsoft.Extensions.Http.Logging.LoggingScopeHttpMessageHandler.<SendCoreAsync>g__Core|5_0(HttpRequestMessage request, Boolean useAsync, CancellationToken cancellationToken)
   at Grpc.Net.Client.Balancer.Internal.BalancerHttpHandler.SendAsync(HttpRequestMessage request, CancellationToken cancellationToken)
   at Grpc.Net.Client.Internal.GrpcCall`2.RunCall(HttpRequestMessage request, Nullable`1 timeout)
2025-01-30 08:53:31.687 +02:00 [ERR] Error getting appointments. Status: Status(StatusCode="Internal", Detail="Error starting gRPC call. HttpRequestException: The SSL connection could not be established, see inner exception. AuthenticationException: The remote certificate is invalid because of errors in the certificate chain: UntrustedRoot", DebugException="System.Net.Http.HttpRequestException: The SSL connection could not be established, see inner exception.")
Grpc.Core.RpcException: Status(StatusCode="Internal", Detail="Error starting gRPC call. HttpRequestException: The SSL connection could not be established, see inner exception. AuthenticationException: The remote certificate is invalid because of errors in the certificate chain: UntrustedRoot", DebugException="System.Net.Http.HttpRequestException: The SSL connection could not be established, see inner exception.")
 ---> System.Net.Http.HttpRequestException: The SSL connection could not be established, see inner exception.
 ---> System.Security.Authentication.AuthenticationException: The remote certificate is invalid because of errors in the certificate chain: UntrustedRoot
   at System.Net.Security.SslStream.CompleteHandshake(SslAuthenticationOptions sslAuthenticationOptions)
   at System.Net.Security.SslStream.ForceAuthenticationAsync[TIOAdapter](Boolean receiveFirst, Byte[] reAuthenticationData, CancellationToken cancellationToken)
   at System.Net.Http.ConnectHelper.EstablishSslConnectionAsync(SslClientAuthenticationOptions sslOptions, HttpRequestMessage request, Boolean async, Stream stream, CancellationToken cancellationToken)
   --- End of inner exception stack trace ---
   at System.Net.Http.ConnectHelper.EstablishSslConnectionAsync(SslClientAuthenticationOptions sslOptions, HttpRequestMessage request, Boolean async, Stream stream, CancellationToken cancellationToken)
   at System.Net.Http.HttpConnectionPool.ConnectAsync(HttpRequestMessage request, Boolean async, CancellationToken cancellationToken)
   at System.Net.Http.HttpConnectionPool.AddHttp2ConnectionAsync(QueueItem queueItem)
   at System.Threading.Tasks.TaskCompletionSourceWithCancellation`1.WaitWithCancellationAsync(CancellationToken cancellationToken)
   at System.Net.Http.HttpConnectionPool.SendWithVersionDetectionAndRetryAsync(HttpRequestMessage request, Boolean async, Boolean doRequestAuth, CancellationToken cancellationToken)
   at System.Net.Http.DiagnosticsHandler.SendAsyncCore(HttpRequestMessage request, Boolean async, CancellationToken cancellationToken)
   at System.Net.Http.RedirectHandler.SendAsync(HttpRequestMessage request, Boolean async, CancellationToken cancellationToken)
   at Microsoft.Extensions.Http.Logging.LoggingHttpMessageHandler.<SendCoreAsync>g__Core|5_0(HttpRequestMessage request, Boolean useAsync, CancellationToken cancellationToken)
   at Microsoft.Extensions.Http.Logging.LoggingScopeHttpMessageHandler.<SendCoreAsync>g__Core|5_0(HttpRequestMessage request, Boolean useAsync, CancellationToken cancellationToken)
   at Grpc.Net.Client.Balancer.Internal.BalancerHttpHandler.SendAsync(HttpRequestMessage request, CancellationToken cancellationToken)
   at Grpc.Net.Client.Internal.GrpcCall`2.RunCall(HttpRequestMessage request, Nullable`1 timeout)
   --- End of inner exception stack trace ---
   at Medical.Client.Services.AppointmentServiceGrpc.GetAppointmentsAsync(AppointmentRequest request) in D:\OtherProjects\MedicalApp\Medical.Client\Services\AppointmentService.cs:line 33
2025-01-30 08:53:31.702 +02:00 [ERR] Error loading appointments for user 85d1fd00-89bf-456c-8c24-df2a8d27dd69
Grpc.Core.RpcException: Status(StatusCode="Internal", Detail="Error starting gRPC call. HttpRequestException: The SSL connection could not be established, see inner exception. AuthenticationException: The remote certificate is invalid because of errors in the certificate chain: UntrustedRoot", DebugException="System.Net.Http.HttpRequestException: The SSL connection could not be established, see inner exception.")
 ---> System.Net.Http.HttpRequestException: The SSL connection could not be established, see inner exception.
 ---> System.Security.Authentication.AuthenticationException: The remote certificate is invalid because of errors in the certificate chain: UntrustedRoot
   at System.Net.Security.SslStream.CompleteHandshake(SslAuthenticationOptions sslAuthenticationOptions)
   at System.Net.Security.SslStream.ForceAuthenticationAsync[TIOAdapter](Boolean receiveFirst, Byte[] reAuthenticationData, CancellationToken cancellationToken)
   at System.Net.Http.ConnectHelper.EstablishSslConnectionAsync(SslClientAuthenticationOptions sslOptions, HttpRequestMessage request, Boolean async, Stream stream, CancellationToken cancellationToken)
   --- End of inner exception stack trace ---
   at System.Net.Http.ConnectHelper.EstablishSslConnectionAsync(SslClientAuthenticationOptions sslOptions, HttpRequestMessage request, Boolean async, Stream stream, CancellationToken cancellationToken)
   at System.Net.Http.HttpConnectionPool.ConnectAsync(HttpRequestMessage request, Boolean async, CancellationToken cancellationToken)
   at System.Net.Http.HttpConnectionPool.AddHttp2ConnectionAsync(QueueItem queueItem)
   at System.Threading.Tasks.TaskCompletionSourceWithCancellation`1.WaitWithCancellationAsync(CancellationToken cancellationToken)
   at System.Net.Http.HttpConnectionPool.SendWithVersionDetectionAndRetryAsync(HttpRequestMessage request, Boolean async, Boolean doRequestAuth, CancellationToken cancellationToken)
   at System.Net.Http.DiagnosticsHandler.SendAsyncCore(HttpRequestMessage request, Boolean async, CancellationToken cancellationToken)
   at System.Net.Http.RedirectHandler.SendAsync(HttpRequestMessage request, Boolean async, CancellationToken cancellationToken)
   at Microsoft.Extensions.Http.Logging.LoggingHttpMessageHandler.<SendCoreAsync>g__Core|5_0(HttpRequestMessage request, Boolean useAsync, CancellationToken cancellationToken)
   at Microsoft.Extensions.Http.Logging.LoggingScopeHttpMessageHandler.<SendCoreAsync>g__Core|5_0(HttpRequestMessage request, Boolean useAsync, CancellationToken cancellationToken)
   at Grpc.Net.Client.Balancer.Internal.BalancerHttpHandler.SendAsync(HttpRequestMessage request, CancellationToken cancellationToken)
   at Grpc.Net.Client.Internal.GrpcCall`2.RunCall(HttpRequestMessage request, Nullable`1 timeout)
   --- End of inner exception stack trace ---
   at Medical.Client.Services.AppointmentServiceGrpc.GetAppointmentsAsync(AppointmentRequest request) in D:\OtherProjects\MedicalApp\Medical.Client\Services\AppointmentService.cs:line 33
   at Medical.Client.Models.Appointments.MyAppointmentsModel.OnGetAsync() in D:\OtherProjects\MedicalApp\Medical.Client\Models\Appointments\MyAppointmentsModel.cs:line 75
2025-01-30 08:55:43.064 +02:00 [INF] Starting Medical Client web application
2025-01-30 08:55:44.470 +02:00 [INF] User authenticated: true, Role: Doctor
2025-01-30 08:55:45.900 +02:00 [INF] Requesting appointments for PatientId: 
2025-01-30 08:55:47.186 +02:00 [INF] Received 2 appointments
2025-01-30 08:55:49.478 +02:00 [INF] Requesting appointments for PatientId: 
2025-01-30 08:55:49.504 +02:00 [INF] Received 2 appointments
2025-01-30 08:55:50.908 +02:00 [INF] Requesting appointments for PatientId: 
2025-01-30 08:55:50.917 +02:00 [INF] Received 2 appointments
2025-01-30 09:05:22.975 +02:00 [INF] Requesting appointments for PatientId: 
2025-01-30 09:05:23.119 +02:00 [INF] Received 2 appointments
2025-01-30 09:05:28.812 +02:00 [INF] Requesting appointments for PatientId: 
2025-01-30 09:05:28.821 +02:00 [INF] Received 2 appointments
2025-01-30 09:05:31.847 +02:00 [INF] Requesting appointments for PatientId: 
2025-01-30 09:05:31.855 +02:00 [INF] Received 2 appointments
2025-01-30 09:05:32.690 +02:00 [INF] Requesting appointments for PatientId: 
2025-01-30 09:05:32.699 +02:00 [INF] Received 2 appointments
2025-01-30 09:05:38.072 +02:00 [INF] Requesting appointments for PatientId: 
2025-01-30 09:05:38.079 +02:00 [INF] Received 2 appointments
2025-01-30 09:05:49.692 +02:00 [INF] Updating appointment fb32d45d-f6af-4323-966f-a6afeec9dd17 with status "Completed"
2025-01-30 09:05:50.135 +02:00 [INF] Successfully updated appointment fb32d45d-f6af-4323-966f-a6afeec9dd17
2025-01-30 09:05:59.580 +02:00 [INF] Updating appointment fb32d45d-f6af-4323-966f-a6afeec9dd17 with status "Completed"
2025-01-30 09:05:59.592 +02:00 [INF] Successfully updated appointment fb32d45d-f6af-4323-966f-a6afeec9dd17
2025-01-30 09:19:04.577 +02:00 [INF] Starting Medical Client web application
2025-01-30 09:19:06.039 +02:00 [INF] User authenticated: true, Role: Doctor
2025-01-30 09:19:10.064 +02:00 [INF] User authenticated: false, Role: 
2025-01-30 09:19:41.549 +02:00 [INF] User authenticated: true, Role: Patient
2025-01-30 09:20:22.074 +02:00 [WRN] User ID not found in claims
2025-01-30 09:34:24.342 +02:00 [INF] Starting Medical Client web application
2025-01-30 09:34:25.679 +02:00 [INF] User authenticated: true, Role: Patient
2025-01-30 09:34:31.865 +02:00 [INF] User authenticated: false, Role: 
2025-01-30 09:54:04.543 +02:00 [INF] Starting Medical Client web application
2025-01-30 09:54:06.210 +02:00 [INF] User authenticated: false, Role: 
2025-01-30 09:57:33.568 +02:00 [INF] Starting Medical Client web application
2025-01-30 09:57:34.762 +02:00 [INF] User authenticated: false, Role: 
2025-01-30 10:02:43.742 +02:00 [INF] Starting Medical Client web application
2025-01-30 10:02:44.740 +02:00 [INF] User authenticated: false, Role: 
2025-01-30 10:08:32.593 +02:00 [INF] Starting Medical Client web application
2025-01-30 10:08:33.861 +02:00 [INF] User authenticated: false, Role: 
2025-01-30 10:10:23.681 +02:00 [INF] User authenticated: true, Role: Doctor
2025-01-30 10:10:26.943 +02:00 [WRN] User ID not found in claims
2025-01-30 10:10:30.228 +02:00 [INF] Call failed with gRPC error status. Status code: '"Internal"', Message: 'Error retrieving doctors'.
2025-01-30 10:10:30.236 +02:00 [ERR] Error getting all doctors
Grpc.Core.RpcException: Status(StatusCode="Internal", Detail="Error retrieving doctors")
   at Medical.Client.Services.DoctorServiceGrpc.GetAllDoctorsAsync() in D:\OtherProjects\MedicalApp\Medical.Client\Services\DoctorService.cs:line 25
2025-01-30 10:10:30.250 +02:00 [ERR] Error getting doctors by specialization 
Grpc.Core.RpcException: Status(StatusCode="Internal", Detail="Error retrieving doctors")
   at Medical.Client.Services.DoctorServiceGrpc.GetAllDoctorsAsync() in D:\OtherProjects\MedicalApp\Medical.Client\Services\DoctorService.cs:line 25
   at Medical.Client.Services.DoctorServiceGrpc.GetDoctorsBySpecializationAsync(String specialization) in D:\OtherProjects\MedicalApp\Medical.Client\Services\DoctorService.cs:line 40
2025-01-30 10:10:30.254 +02:00 [ERR] Error retrieving doctors
Grpc.Core.RpcException: Status(StatusCode="Internal", Detail="Error retrieving doctors")
   at Medical.Client.Services.DoctorServiceGrpc.GetAllDoctorsAsync() in D:\OtherProjects\MedicalApp\Medical.Client\Services\DoctorService.cs:line 25
   at Medical.Client.Services.DoctorServiceGrpc.GetDoctorsBySpecializationAsync(String specialization) in D:\OtherProjects\MedicalApp\Medical.Client\Services\DoctorService.cs:line 40
   at Medical.Client.Models.Doctors.IndexModel.OnGetAsync() in D:\OtherProjects\MedicalApp\Medical.Client\Models\Doctors\IndexModel.cs:line 55
2025-01-30 10:10:30.572 +02:00 [INF] Call failed with gRPC error status. Status code: '"Internal"', Message: 'Error retrieving doctors'.
2025-01-30 10:10:30.575 +02:00 [ERR] Error getting all doctors
Grpc.Core.RpcException: Status(StatusCode="Internal", Detail="Error retrieving doctors")
   at Medical.Client.Services.DoctorServiceGrpc.GetAllDoctorsAsync() in D:\OtherProjects\MedicalApp\Medical.Client\Services\DoctorService.cs:line 25
2025-01-30 10:10:30.578 +02:00 [ERR] Error getting doctors by specialization 
Grpc.Core.RpcException: Status(StatusCode="Internal", Detail="Error retrieving doctors")
   at Medical.Client.Services.DoctorServiceGrpc.GetAllDoctorsAsync() in D:\OtherProjects\MedicalApp\Medical.Client\Services\DoctorService.cs:line 25
   at Medical.Client.Services.DoctorServiceGrpc.GetDoctorsBySpecializationAsync(String specialization) in D:\OtherProjects\MedicalApp\Medical.Client\Services\DoctorService.cs:line 40
2025-01-30 10:10:30.581 +02:00 [ERR] Error retrieving doctors
Grpc.Core.RpcException: Status(StatusCode="Internal", Detail="Error retrieving doctors")
   at Medical.Client.Services.DoctorServiceGrpc.GetAllDoctorsAsync() in D:\OtherProjects\MedicalApp\Medical.Client\Services\DoctorService.cs:line 25
   at Medical.Client.Services.DoctorServiceGrpc.GetDoctorsBySpecializationAsync(String specialization) in D:\OtherProjects\MedicalApp\Medical.Client\Services\DoctorService.cs:line 40
   at Medical.Client.Models.Doctors.IndexModel.OnGetAsync() in D:\OtherProjects\MedicalApp\Medical.Client\Models\Doctors\IndexModel.cs:line 55
2025-01-30 10:26:47.892 +02:00 [INF] Starting Medical Client web application
2025-01-30 10:26:49.373 +02:00 [INF] User authenticated: true, Role: Doctor
2025-01-30 10:26:54.104 +02:00 [INF] User authenticated: false, Role: 
2025-01-30 10:33:49.813 +02:00 [INF] Starting Medical Client web application
2025-01-30 10:33:52.558 +02:00 [INF] User authenticated: false, Role: 
2025-01-30 10:34:16.559 +02:00 [INF] User authenticated: true, Role: Patient
2025-01-30 10:34:18.314 +02:00 [INF] Requesting appointments for PatientId: 574411f5-3c0e-4b75-aff1-a0246ca5958f
2025-01-30 10:34:19.432 +02:00 [INF] Received 1 appointments
2025-01-30 10:34:24.800 +02:00 [INF] Requesting appointments for PatientId: 574411f5-3c0e-4b75-aff1-a0246ca5958f
2025-01-30 10:34:24.821 +02:00 [INF] Received 1 appointments
2025-01-30 10:34:41.526 +02:00 [INF] Creating appointment for local time: "2025-01-30T16:30:00.0000000+02:00"
2025-01-30 10:34:41.531 +02:00 [INF] Creating appointment with token: true
2025-01-30 10:34:43.285 +02:00 [INF] Requesting appointments for PatientId: 574411f5-3c0e-4b75-aff1-a0246ca5958f
2025-01-30 10:34:43.302 +02:00 [INF] Received 2 appointments
2025-01-30 10:35:01.355 +02:00 [INF] Creating appointment for local time: "2025-01-31T16:30:00.0000000+02:00"
2025-01-30 10:35:01.357 +02:00 [INF] Creating appointment with token: true
2025-01-30 10:35:02.891 +02:00 [INF] Requesting appointments for PatientId: 574411f5-3c0e-4b75-aff1-a0246ca5958f
2025-01-30 10:35:02.907 +02:00 [INF] Received 3 appointments
2025-01-30 10:35:04.514 +02:00 [INF] Requesting appointments for PatientId: 574411f5-3c0e-4b75-aff1-a0246ca5958f
2025-01-30 10:35:04.531 +02:00 [INF] Received 3 appointments
2025-01-30 10:35:09.479 +02:00 [INF] Cancelling appointment a46a634b-9487-4d9c-d85a-08dd4108d9f3
2025-01-30 10:35:09.485 +02:00 [INF] Updating appointment a46a634b-9487-4d9c-d85a-08dd4108d9f3 with status "Cancelled"
2025-01-30 10:35:09.518 +02:00 [INF] Successfully updated appointment a46a634b-9487-4d9c-d85a-08dd4108d9f3
2025-01-30 10:35:09.522 +02:00 [INF] Successfully cancelled appointment a46a634b-9487-4d9c-d85a-08dd4108d9f3
2025-01-30 10:35:09.538 +02:00 [INF] Requesting appointments for PatientId: 574411f5-3c0e-4b75-aff1-a0246ca5958f
2025-01-30 10:35:09.548 +02:00 [INF] Received 3 appointments
2025-01-30 10:35:26.185 +02:00 [INF] Creating appointment for local time: "2025-02-05T16:30:00.0000000+02:00"
2025-01-30 10:35:26.187 +02:00 [INF] Creating appointment with token: true
2025-01-30 10:35:28.088 +02:00 [INF] Requesting appointments for PatientId: 574411f5-3c0e-4b75-aff1-a0246ca5958f
2025-01-30 10:35:28.100 +02:00 [INF] Received 4 appointments
2025-01-30 10:35:33.461 +02:00 [INF] Requesting appointments for PatientId: 574411f5-3c0e-4b75-aff1-a0246ca5958f
2025-01-30 10:35:33.476 +02:00 [INF] Received 4 appointments
2025-01-30 10:35:37.540 +02:00 [INF] User authenticated: true, Role: Patient
2025-01-30 10:35:53.350 +02:00 [INF] User authenticated: false, Role: 
2025-01-30 10:36:32.545 +02:00 [INF] User authenticated: true, Role: Doctor
2025-01-30 10:36:37.252 +02:00 [INF] Requesting appointments for PatientId: 
2025-01-30 10:36:37.276 +02:00 [INF] Received 3 appointments
2025-01-30 10:36:39.240 +02:00 [INF] Requesting appointments for PatientId: 
2025-01-30 10:36:39.255 +02:00 [INF] Received 3 appointments
2025-01-30 10:36:40.603 +02:00 [INF] Requesting appointments for PatientId: 
2025-01-30 10:36:40.617 +02:00 [INF] Received 3 appointments
2025-01-30 10:36:47.117 +02:00 [INF] Requesting appointments for PatientId: 
2025-01-30 10:36:47.133 +02:00 [INF] Received 3 appointments
2025-01-30 10:36:48.561 +02:00 [INF] Requesting appointments for PatientId: 
2025-01-30 10:36:48.573 +02:00 [INF] Received 3 appointments
2025-01-30 10:37:02.992 +02:00 [INF] Updating appointment 25cae401-2029-4624-b768-2710ede1c805 with status "Completed"
2025-01-30 10:37:03.039 +02:00 [INF] Successfully updated appointment 25cae401-2029-4624-b768-2710ede1c805
2025-01-30 10:37:11.849 +02:00 [INF] Updating appointment 25cae401-2029-4624-b768-2710ede1c805 with status "Completed"
2025-01-30 10:37:11.873 +02:00 [INF] Successfully updated appointment 25cae401-2029-4624-b768-2710ede1c805
2025-01-30 10:37:16.122 +02:00 [INF] Requesting appointments for PatientId: 
2025-01-30 10:37:16.138 +02:00 [INF] Received 3 appointments
2025-01-30 10:37:28.943 +02:00 [INF] Requesting appointments for PatientId: 
2025-01-30 10:37:28.960 +02:00 [INF] Received 3 appointments
2025-01-30 10:37:33.497 +02:00 [INF] Requesting appointments for PatientId: 
2025-01-30 10:37:33.513 +02:00 [INF] Received 3 appointments
2025-01-30 10:37:36.137 +02:00 [INF] Requesting appointments for PatientId: 
2025-01-30 10:37:36.151 +02:00 [INF] Received 3 appointments
2025-01-30 10:37:38.216 +02:00 [INF] Requesting appointments for PatientId: 
2025-01-30 10:37:38.229 +02:00 [INF] Received 3 appointments
2025-01-30 10:37:40.101 +02:00 [INF] Requesting appointments for PatientId: 
2025-01-30 10:37:40.116 +02:00 [INF] Received 3 appointments
2025-01-30 10:37:43.654 +02:00 [INF] Requesting appointments for PatientId: 
2025-01-30 10:37:43.667 +02:00 [INF] Received 3 appointments
2025-01-30 10:37:55.940 +02:00 [INF] Requesting appointments for PatientId: 574411f5-3c0e-4b75-aff1-a0246ca5958f
2025-01-30 10:37:55.953 +02:00 [INF] Received 4 appointments
2025-01-30 10:42:11.288 +02:00 [INF] Starting Medical Client web application
2025-01-30 10:42:12.494 +02:00 [INF] User authenticated: true, Role: Patient
2025-01-30 10:42:23.054 +02:00 [INF] Requesting appointments for PatientId: 
2025-01-30 10:42:24.307 +02:00 [INF] Received 3 appointments
2025-01-30 10:43:36.936 +02:00 [INF] Starting Medical Client web application
2025-01-30 10:43:38.640 +02:00 [INF] User authenticated: true, Role: Patient
2025-01-30 10:43:58.163 +02:00 [INF] Requesting appointments for PatientId: 
2025-01-30 10:43:59.401 +02:00 [INF] Received 3 appointments
2025-01-30 10:44:04.224 +02:00 [INF] Requesting appointments for PatientId: 574411f5-3c0e-4b75-aff1-a0246ca5958f
2025-01-30 10:44:04.263 +02:00 [INF] Received 4 appointments
2025-01-30 10:44:10.324 +02:00 [INF] Requesting appointments for PatientId: 574411f5-3c0e-4b75-aff1-a0246ca5958f
2025-01-30 10:44:10.341 +02:00 [INF] Received 4 appointments
2025-01-30 10:44:52.117 +02:00 [INF] Requesting appointments for PatientId: 574411f5-3c0e-4b75-aff1-a0246ca5958f
2025-01-30 10:44:52.127 +02:00 [INF] Received 4 appointments
2025-01-30 10:44:53.387 +02:00 [INF] Requesting appointments for PatientId: 574411f5-3c0e-4b75-aff1-a0246ca5958f
2025-01-30 10:44:53.398 +02:00 [INF] Received 4 appointments
2025-01-30 10:45:00.351 +02:00 [INF] Requesting appointments for PatientId: 
2025-01-30 10:45:00.364 +02:00 [INF] Received 3 appointments
2025-01-30 10:45:01.267 +02:00 [INF] Requesting appointments for PatientId: 
2025-01-30 10:45:01.281 +02:00 [INF] Received 3 appointments
2025-01-30 10:45:01.484 +02:00 [INF] Requesting appointments for PatientId: 
2025-01-30 10:45:01.503 +02:00 [INF] Received 3 appointments
2025-01-30 10:45:05.014 +02:00 [INF] Requesting appointments for PatientId: 
2025-01-30 10:45:05.026 +02:00 [INF] Received 3 appointments
2025-01-30 10:45:07.183 +02:00 [INF] Requesting appointments for PatientId: 
2025-01-30 10:45:07.195 +02:00 [INF] Received 3 appointments
2025-01-30 10:48:33.784 +02:00 [INF] Starting Medical Client web application
2025-01-30 10:48:35.028 +02:00 [INF] User authenticated: true, Role: Patient
2025-01-30 10:48:41.907 +02:00 [INF] Requesting appointments for PatientId: 
2025-01-30 10:48:43.185 +02:00 [INF] Received 3 appointments
2025-01-30 10:48:51.859 +02:00 [INF] Requesting appointments for PatientId: 574411f5-3c0e-4b75-aff1-a0246ca5958f
2025-01-30 10:48:51.897 +02:00 [INF] Received 4 appointments
2025-01-30 10:49:27.813 +02:00 [INF] Requesting appointments for PatientId: 574411f5-3c0e-4b75-aff1-a0246ca5958f
2025-01-30 10:49:27.825 +02:00 [INF] Received 4 appointments
2025-01-30 10:49:32.019 +02:00 [INF] Requesting appointments for PatientId: 574411f5-3c0e-4b75-aff1-a0246ca5958f
2025-01-30 10:49:32.031 +02:00 [INF] Received 4 appointments
2025-01-30 10:49:37.406 +02:00 [INF] Requesting appointments for PatientId: 
2025-01-30 10:49:37.421 +02:00 [INF] Received 3 appointments
2025-01-30 10:56:34.800 +02:00 [INF] Starting Medical Client web application
2025-01-30 10:56:36.486 +02:00 [INF] User authenticated: true, Role: Patient
2025-01-30 10:56:41.403 +02:00 [INF] Requesting appointments for PatientId: 574411f5-3c0e-4b75-aff1-a0246ca5958f
2025-01-30 10:56:41.722 +02:00 [INF] Received 4 appointments
2025-01-30 10:57:27.569 +02:00 [INF] Creating appointment for local time: "2025-02-03T12:30:00.0000000+02:00"
2025-01-30 10:57:27.572 +02:00 [INF] Creating appointment with token: true
2025-01-30 10:57:32.694 +02:00 [INF] Requesting appointments for PatientId: 
2025-01-30 10:57:32.713 +02:00 [INF] Received 4 appointments
2025-01-30 10:57:52.322 +02:00 [INF] Requesting appointments for PatientId: 
2025-01-30 10:57:52.335 +02:00 [INF] Received 4 appointments
2025-01-30 10:58:09.692 +02:00 [INF] Updating appointment 5ce12de9-40d3-4498-8642-8661eb6c7f7e with status "Scheduled"
2025-01-30 10:58:09.745 +02:00 [INF] Successfully updated appointment 5ce12de9-40d3-4498-8642-8661eb6c7f7e
2025-01-30 10:58:18.507 +02:00 [INF] Updating appointment 5ce12de9-40d3-4498-8642-8661eb6c7f7e with status "Completed"
2025-01-30 10:58:18.658 +02:00 [INF] Successfully updated appointment 5ce12de9-40d3-4498-8642-8661eb6c7f7e
2025-01-30 10:58:25.198 +02:00 [INF] Updating appointment 5ce12de9-40d3-4498-8642-8661eb6c7f7e with status "Completed"
2025-01-30 10:58:25.211 +02:00 [INF] Successfully updated appointment 5ce12de9-40d3-4498-8642-8661eb6c7f7e
2025-01-30 11:06:07.135 +02:00 [INF] Starting Medical Client web application
2025-01-30 11:06:08.262 +02:00 [INF] User authenticated: true, Role: Patient
2025-01-30 11:06:12.852 +02:00 [INF] Requesting appointments for PatientId: 574411f5-3c0e-4b75-aff1-a0246ca5958f
2025-01-30 11:06:12.952 +02:00 [INF] Received 5 appointments
2025-01-30 11:06:22.345 +02:00 [INF] Requesting appointments for PatientId: 
2025-01-30 11:06:22.375 +02:00 [INF] Received 4 appointments
2025-01-30 11:06:24.008 +02:00 [INF] Requesting appointments for PatientId: 
2025-01-30 11:06:24.019 +02:00 [INF] Received 4 appointments
2025-01-30 11:23:10.146 +02:00 [INF] Starting Medical Client web application
2025-01-30 11:23:10.445 +02:00 [FTL] Application terminated unexpectedly
System.InvalidOperationException: Unable to find the required services. Please add all the required services by calling 'IServiceCollection.AddHealthChecks' inside the call to 'ConfigureServices(...)' in the application startup code.
   at Microsoft.AspNetCore.Builder.HealthCheckEndpointRouteBuilderExtensions.MapHealthChecksCore(IEndpointRouteBuilder endpoints, String pattern, HealthCheckOptions options)
   at Program.<Main>$(String[] args) in D:\OtherProjects\MedicalApp\Medical.Client\Program.cs:line 89
2025-01-30 11:26:13.289 +02:00 [INF] Starting Medical Client web application
2025-01-30 11:26:14.638 +02:00 [INF] User authenticated: true, Role: Patient
2025-01-30 11:26:18.402 +02:00 [INF] User authenticated: false, Role: 
2025-01-30 11:26:22.623 +02:00 [INF] User authenticated: false, Role: 
2025-01-30 11:27:12.040 +02:00 [INF] User authenticated: true, Role: Patient
2025-01-30 11:27:14.021 +02:00 [INF] Requesting appointments for PatientId: 9a15cba0-e5df-438f-af22-e793776f5812
2025-01-30 11:27:14.182 +02:00 [INF] Received 0 appointments
2025-01-30 11:27:15.851 +02:00 [INF] Requesting appointments for PatientId: 9a15cba0-e5df-438f-af22-e793776f5812
2025-01-30 11:27:15.866 +02:00 [INF] Received 0 appointments
2025-01-30 11:27:36.457 +02:00 [INF] Creating appointment for local time: "2025-01-31T14:30:00.0000000+02:00"
2025-01-30 11:27:36.461 +02:00 [INF] Creating appointment with token: true
2025-01-30 11:27:38.964 +02:00 [INF] Requesting appointments for PatientId: 9a15cba0-e5df-438f-af22-e793776f5812
2025-01-30 11:27:38.984 +02:00 [INF] Received 1 appointments
2025-01-30 11:28:00.846 +02:00 [INF] Requesting appointments for PatientId: 9a15cba0-e5df-438f-af22-e793776f5812
2025-01-30 11:28:00.860 +02:00 [INF] Received 1 appointments
2025-01-30 11:28:07.838 +02:00 [INF] Requesting appointments for PatientId: 9a15cba0-e5df-438f-af22-e793776f5812
2025-01-30 11:28:07.847 +02:00 [INF] Received 1 appointments
2025-01-30 11:28:10.985 +02:00 [INF] Requesting appointments for PatientId: 9a15cba0-e5df-438f-af22-e793776f5812
2025-01-30 11:28:10.998 +02:00 [INF] Received 1 appointments
2025-01-30 11:28:25.186 +02:00 [INF] Creating appointment for local time: "2025-02-05T16:30:00.0000000+02:00"
2025-01-30 11:28:25.189 +02:00 [INF] Creating appointment with token: true
2025-01-30 11:28:26.721 +02:00 [INF] Requesting appointments for PatientId: 9a15cba0-e5df-438f-af22-e793776f5812
2025-01-30 11:28:26.734 +02:00 [INF] Received 2 appointments
2025-01-30 11:28:34.548 +02:00 [INF] Updating appointment dc92a4d3-0ab3-46db-9d54-6d63c1b9a72f with status "Cancelled"
2025-01-30 11:28:34.598 +02:00 [INF] Successfully updated appointment dc92a4d3-0ab3-46db-9d54-6d63c1b9a72f
2025-01-30 11:28:35.953 +02:00 [INF] Requesting appointments for PatientId: 9a15cba0-e5df-438f-af22-e793776f5812
2025-01-30 11:28:35.963 +02:00 [INF] Received 2 appointments
2025-01-30 11:28:53.213 +02:00 [INF] Creating appointment for local time: "2025-02-07T16:30:00.0000000+02:00"
2025-01-30 11:28:53.215 +02:00 [INF] Creating appointment with token: true
2025-01-30 11:28:54.884 +02:00 [INF] Requesting appointments for PatientId: 9a15cba0-e5df-438f-af22-e793776f5812
2025-01-30 11:28:54.902 +02:00 [INF] Received 3 appointments
2025-01-30 11:28:57.899 +02:00 [INF] Requesting appointments for PatientId: 9a15cba0-e5df-438f-af22-e793776f5812
2025-01-30 11:28:57.909 +02:00 [INF] Received 3 appointments
2025-01-30 11:29:20.289 +02:00 [INF] User authenticated: false, Role: 
2025-01-30 11:29:43.801 +02:00 [INF] User authenticated: true, Role: Doctor
2025-01-30 11:29:45.213 +02:00 [INF] Requesting appointments for PatientId: 
2025-01-30 11:29:45.244 +02:00 [INF] Received 3 appointments
2025-01-30 11:29:53.022 +02:00 [INF] Requesting appointments for PatientId: 
2025-01-30 11:29:53.034 +02:00 [INF] Received 3 appointments
2025-01-30 11:29:55.242 +02:00 [INF] Requesting appointments for PatientId: 
2025-01-30 11:29:55.254 +02:00 [INF] Received 3 appointments
2025-01-30 11:30:10.221 +02:00 [INF] Updating appointment 08c73d86-1fae-4b19-bdac-8cc14ad1dcf8 with status "Completed"
2025-01-30 11:30:10.366 +02:00 [INF] Successfully updated appointment 08c73d86-1fae-4b19-bdac-8cc14ad1dcf8
2025-01-30 11:30:18.745 +02:00 [INF] Updating appointment 08c73d86-1fae-4b19-bdac-8cc14ad1dcf8 with status "Completed"
2025-01-30 11:30:18.762 +02:00 [INF] Successfully updated appointment 08c73d86-1fae-4b19-bdac-8cc14ad1dcf8
2025-01-30 11:30:24.824 +02:00 [INF] Requesting appointments for PatientId: 
2025-01-30 11:30:24.833 +02:00 [INF] Received 3 appointments
2025-01-30 11:30:29.273 +02:00 [INF] Requesting appointments for PatientId: 
2025-01-30 11:30:29.286 +02:00 [INF] Received 3 appointments
2025-01-30 11:30:31.915 +02:00 [INF] Requesting appointments for PatientId: 
2025-01-30 11:30:31.923 +02:00 [INF] Received 3 appointments
2025-01-30 11:30:32.911 +02:00 [INF] Requesting appointments for PatientId: 
2025-01-30 11:30:32.919 +02:00 [INF] Received 3 appointments
2025-01-30 11:30:34.475 +02:00 [INF] Requesting appointments for PatientId: 
2025-01-30 11:30:34.486 +02:00 [INF] Received 3 appointments
2025-01-30 11:30:36.456 +02:00 [INF] User authenticated: false, Role: 
2025-01-30 11:37:16.522 +02:00 [INF] Starting Medical Client web application
2025-01-30 11:37:17.764 +02:00 [INF] User authenticated: false, Role: 
2025-01-30 11:38:12.311 +02:00 [WRN] ModelState is invalid: The LicenseNumber field is required., The Specialization field is required., The value '' is invalid.
2025-01-30 11:42:16.701 +02:00 [INF] Starting Medical Client web application
2025-01-30 11:42:17.860 +02:00 [INF] User authenticated: false, Role: 
2025-01-30 11:43:02.551 +02:00 [WRN] ModelState is invalid: The LicenseNumber field is required., The Specialization field is required.
2025-01-30 12:02:57.135 +02:00 [INF] Starting Medical Client web application
2025-01-30 12:02:58.871 +02:00 [INF] User authenticated: false, Role: 
2025-01-30 12:03:54.818 +02:00 [WRN] ModelState is invalid: The LicenseNumber field is required., The Specialization field is required.
2025-01-30 12:05:10.378 +02:00 [INF] Attempting to register user: {"Email":"delon@medicalapp","FullName":"Vasya Pupkin","Password":"ClassicalMusic90_","ConfirmPassword":"ClassicalMusic90_","Specialization":"dfsfdsf","LicenseNumber":"2243242342","ConsultationFee":200,"DateOfBirth":"1993-07-30T00:00:00.0000000","Gender":"Male","Phone":"000000000","Address":"ghgfhgfhgfhf","IsDoctorEmail":true,"$type":"RegisterInputModel"}
2025-01-30 12:05:11.550 +02:00 [INF] User authenticated: true, Role: Doctor
2025-01-30 12:05:13.506 +02:00 [INF] Call failed with gRPC error status. Status code: '"Internal"', Message: 'Error retrieving doctors'.
2025-01-30 12:05:13.515 +02:00 [ERR] Error getting all doctors
Grpc.Core.RpcException: Status(StatusCode="Internal", Detail="Error retrieving doctors")
   at Medical.Client.Services.DoctorServiceGrpc.GetAllDoctorsAsync() in D:\OtherProjects\MedicalApp\Medical.Client\Services\DoctorService.cs:line 25
2025-01-30 12:05:13.529 +02:00 [ERR] Error getting doctors by specialization 
Grpc.Core.RpcException: Status(StatusCode="Internal", Detail="Error retrieving doctors")
   at Medical.Client.Services.DoctorServiceGrpc.GetAllDoctorsAsync() in D:\OtherProjects\MedicalApp\Medical.Client\Services\DoctorService.cs:line 25
   at Medical.Client.Services.DoctorServiceGrpc.GetDoctorsBySpecializationAsync(String specialization) in D:\OtherProjects\MedicalApp\Medical.Client\Services\DoctorService.cs:line 40
2025-01-30 12:05:13.533 +02:00 [ERR] Error retrieving doctors
Grpc.Core.RpcException: Status(StatusCode="Internal", Detail="Error retrieving doctors")
   at Medical.Client.Services.DoctorServiceGrpc.GetAllDoctorsAsync() in D:\OtherProjects\MedicalApp\Medical.Client\Services\DoctorService.cs:line 25
   at Medical.Client.Services.DoctorServiceGrpc.GetDoctorsBySpecializationAsync(String specialization) in D:\OtherProjects\MedicalApp\Medical.Client\Services\DoctorService.cs:line 40
   at Medical.Client.Models.Doctors.IndexModel.OnGetAsync() in D:\OtherProjects\MedicalApp\Medical.Client\Models\Doctors\IndexModel.cs:line 55
2025-01-30 12:05:14.689 +02:00 [INF] Requesting appointments for PatientId: 
2025-01-30 12:05:14.805 +02:00 [INF] Received 0 appointments
2025-01-30 12:05:15.577 +02:00 [INF] Requesting appointments for PatientId: 
2025-01-30 12:05:15.597 +02:00 [INF] Received 0 appointments
2025-01-30 12:05:16.311 +02:00 [INF] Requesting appointments for PatientId: 
2025-01-30 12:05:16.325 +02:00 [INF] Received 0 appointments
2025-01-30 12:05:17.100 +02:00 [INF] Call failed with gRPC error status. Status code: '"Internal"', Message: 'Error retrieving doctors'.
2025-01-30 12:05:17.103 +02:00 [ERR] Error getting all doctors
Grpc.Core.RpcException: Status(StatusCode="Internal", Detail="Error retrieving doctors")
   at Medical.Client.Services.DoctorServiceGrpc.GetAllDoctorsAsync() in D:\OtherProjects\MedicalApp\Medical.Client\Services\DoctorService.cs:line 25
2025-01-30 12:05:17.107 +02:00 [ERR] Error getting doctors by specialization 
Grpc.Core.RpcException: Status(StatusCode="Internal", Detail="Error retrieving doctors")
   at Medical.Client.Services.DoctorServiceGrpc.GetAllDoctorsAsync() in D:\OtherProjects\MedicalApp\Medical.Client\Services\DoctorService.cs:line 25
   at Medical.Client.Services.DoctorServiceGrpc.GetDoctorsBySpecializationAsync(String specialization) in D:\OtherProjects\MedicalApp\Medical.Client\Services\DoctorService.cs:line 40
2025-01-30 12:05:17.110 +02:00 [ERR] Error retrieving doctors
Grpc.Core.RpcException: Status(StatusCode="Internal", Detail="Error retrieving doctors")
   at Medical.Client.Services.DoctorServiceGrpc.GetAllDoctorsAsync() in D:\OtherProjects\MedicalApp\Medical.Client\Services\DoctorService.cs:line 25
   at Medical.Client.Services.DoctorServiceGrpc.GetDoctorsBySpecializationAsync(String specialization) in D:\OtherProjects\MedicalApp\Medical.Client\Services\DoctorService.cs:line 40
   at Medical.Client.Models.Doctors.IndexModel.OnGetAsync() in D:\OtherProjects\MedicalApp\Medical.Client\Models\Doctors\IndexModel.cs:line 55
2025-01-30 12:07:06.958 +02:00 [INF] Starting Medical Client web application
2025-01-30 12:07:08.251 +02:00 [INF] User authenticated: true, Role: Doctor
2025-01-30 12:07:11.377 +02:00 [INF] Call failed with gRPC error status. Status code: '"Internal"', Message: 'Error retrieving doctors'.
2025-01-30 12:07:11.391 +02:00 [ERR] Error getting doctors by specialization 
Grpc.Core.RpcException: Status(StatusCode="Internal", Detail="Error retrieving doctors")
   at Medical.Client.Services.DoctorServiceGrpc.GetDoctorsBySpecializationAsync(String specialization) in D:\OtherProjects\MedicalApp\Medical.Client\Services\DoctorService.cs:line 61
2025-01-30 12:07:11.405 +02:00 [ERR] Error retrieving doctors
Grpc.Core.RpcException: Status(StatusCode="Internal", Detail="Error retrieving doctors")
   at Medical.Client.Services.DoctorServiceGrpc.GetDoctorsBySpecializationAsync(String specialization) in D:\OtherProjects\MedicalApp\Medical.Client\Services\DoctorService.cs:line 61
   at Medical.Client.Models.Doctors.IndexModel.OnGetAsync() in D:\OtherProjects\MedicalApp\Medical.Client\Models\Doctors\IndexModel.cs:line 55
2025-01-30 13:44:00.853 +02:00 [INF] Starting Medical Client web application
2025-01-30 13:44:02.924 +02:00 [INF] User authenticated: true, Role: Doctor
2025-01-30 13:44:09.439 +02:00 [INF] User authenticated: false, Role: 
2025-01-30 13:44:53.288 +02:00 [INF] User authenticated: true, Role: Patient
2025-01-30 13:44:55.766 +02:00 [INF] Requesting appointments for PatientId: a43c72a6-1f8d-409a-ae30-c130f13714e6
2025-01-30 13:44:55.817 +02:00 [INF] Received 0 appointments
2025-01-30 13:45:14.767 +02:00 [INF] Creating appointment for local time: "2025-01-30T15:30:00.0000000+02:00"
2025-01-30 13:45:14.771 +02:00 [INF] Creating appointment with token: true
2025-01-30 13:45:16.763 +02:00 [INF] Requesting appointments for PatientId: a43c72a6-1f8d-409a-ae30-c130f13714e6
2025-01-30 13:45:16.772 +02:00 [INF] Received 1 appointments
2025-01-30 13:45:32.343 +02:00 [INF] Creating appointment for local time: "2025-01-31T15:30:00.0000000+02:00"
2025-01-30 13:45:32.344 +02:00 [INF] Creating appointment with token: true
2025-01-30 13:45:35.218 +02:00 [INF] Requesting appointments for PatientId: a43c72a6-1f8d-409a-ae30-c130f13714e6
2025-01-30 13:45:35.225 +02:00 [INF] Received 2 appointments
2025-01-30 13:45:50.052 +02:00 [INF] Creating appointment for local time: "2025-02-05T15:30:00.0000000+02:00"
2025-01-30 13:45:50.054 +02:00 [INF] Creating appointment with token: true
2025-01-30 13:45:51.670 +02:00 [INF] Requesting appointments for PatientId: a43c72a6-1f8d-409a-ae30-c130f13714e6
2025-01-30 13:45:51.678 +02:00 [INF] Received 3 appointments
2025-01-30 13:45:58.059 +02:00 [INF] Cancelling appointment af01c8ea-bfae-4fe4-8227-979dbfde6105
2025-01-30 13:45:58.064 +02:00 [INF] Updating appointment af01c8ea-bfae-4fe4-8227-979dbfde6105 with status "Cancelled"
2025-01-30 13:45:58.097 +02:00 [INF] Successfully updated appointment af01c8ea-bfae-4fe4-8227-979dbfde6105
2025-01-30 13:45:58.100 +02:00 [INF] Successfully cancelled appointment af01c8ea-bfae-4fe4-8227-979dbfde6105
2025-01-30 13:45:58.115 +02:00 [INF] Requesting appointments for PatientId: a43c72a6-1f8d-409a-ae30-c130f13714e6
2025-01-30 13:45:58.122 +02:00 [INF] Received 3 appointments
2025-01-30 13:46:00.549 +02:00 [INF] Requesting appointments for PatientId: a43c72a6-1f8d-409a-ae30-c130f13714e6
2025-01-30 13:46:00.556 +02:00 [INF] Received 3 appointments
2025-01-30 13:46:29.548 +02:00 [INF] User authenticated: false, Role: 
2025-01-30 13:46:56.820 +02:00 [INF] User authenticated: true, Role: Doctor
2025-01-30 13:46:58.321 +02:00 [INF] Requesting appointments for PatientId: 
2025-01-30 13:46:58.338 +02:00 [INF] Received 3 appointments
2025-01-30 13:47:06.846 +02:00 [INF] Requesting appointments for PatientId: 
2025-01-30 13:47:06.853 +02:00 [INF] Received 3 appointments
2025-01-30 13:47:09.613 +02:00 [INF] Requesting appointments for PatientId: 
2025-01-30 13:47:09.619 +02:00 [INF] Received 3 appointments
2025-01-30 13:47:11.086 +02:00 [INF] Requesting appointments for PatientId: 
2025-01-30 13:47:11.090 +02:00 [INF] Received 3 appointments
2025-01-30 13:47:13.588 +02:00 [INF] Requesting appointments for PatientId: 
2025-01-30 13:47:13.598 +02:00 [INF] Received 3 appointments
2025-01-30 13:50:11.882 +02:00 [INF] Requesting appointments for PatientId: a43c72a6-1f8d-409a-ae30-c130f13714e6
2025-01-30 13:50:11.889 +02:00 [INF] Received 3 appointments
2025-01-30 13:50:32.583 +02:00 [INF] Updating appointment c0b3d1ca-ee29-46bd-b9cb-0d46848fa872 with status "Completed"
2025-01-30 13:50:32.628 +02:00 [INF] Successfully updated appointment c0b3d1ca-ee29-46bd-b9cb-0d46848fa872
2025-01-30 13:50:42.339 +02:00 [INF] Updating appointment c0b3d1ca-ee29-46bd-b9cb-0d46848fa872 with status "Completed"
2025-01-30 13:50:42.345 +02:00 [INF] Successfully updated appointment c0b3d1ca-ee29-46bd-b9cb-0d46848fa872
2025-01-30 13:50:51.827 +02:00 [INF] Requesting appointments for PatientId: a43c72a6-1f8d-409a-ae30-c130f13714e6
2025-01-30 13:50:51.831 +02:00 [INF] Received 3 appointments
2025-01-30 13:51:04.808 +02:00 [INF] Requesting appointments for PatientId: a43c72a6-1f8d-409a-ae30-c130f13714e6
2025-01-30 13:51:04.812 +02:00 [INF] Received 3 appointments
2025-01-30 13:52:26.512 +02:00 [INF] Requesting appointments for PatientId: a43c72a6-1f8d-409a-ae30-c130f13714e6
2025-01-30 13:52:26.523 +02:00 [INF] Received 3 appointments
2025-01-30 13:52:32.072 +02:00 [INF] Requesting appointments for PatientId: 
2025-01-30 13:52:32.076 +02:00 [INF] Received 3 appointments
2025-01-30 13:52:33.872 +02:00 [INF] Requesting appointments for PatientId: 
2025-01-30 13:52:33.877 +02:00 [INF] Received 3 appointments
2025-01-30 13:52:39.272 +02:00 [INF] Requesting appointments for PatientId: 
2025-01-30 13:52:39.278 +02:00 [INF] Received 3 appointments
2025-01-30 14:11:21.432 +02:00 [INF] Starting Medical Client web application
2025-01-30 14:11:23.294 +02:00 [INF] User authenticated: true, Role: Patient
2025-01-30 14:11:32.049 +02:00 [INF] User authenticated: false, Role: 
2025-01-30 14:12:22.661 +02:00 [INF] User authenticated: true, Role: Patient
2025-01-30 14:12:24.742 +02:00 [INF] User authenticated: true, Role: Patient
2025-01-30 14:12:26.870 +02:00 [INF] User authenticated: true, Role: Patient
2025-01-30 14:12:29.549 +02:00 [WRN] User ID not found in claims
2025-01-30 14:18:05.716 +02:00 [INF] Starting Medical Client web application
2025-01-30 14:18:06.658 +02:00 [INF] User authenticated: true, Role: Patient, Path: /
2025-01-30 14:18:06.687 +02:00 [INF] User authenticated: true, Role: Patient
2025-01-30 14:18:08.467 +02:00 [INF] User authenticated: true, Role: Patient, Path: /Account/Logout
2025-01-30 14:18:08.874 +02:00 [INF] User authenticated: false, Role: , Path: /
2025-01-30 14:18:08.877 +02:00 [INF] User authenticated: false, Role: 
2025-01-30 14:18:09.664 +02:00 [INF] User authenticated: false, Role: , Path: /Account/Register
2025-01-30 14:18:58.017 +02:00 [INF] User authenticated: false, Role: , Path: /Account/Register
2025-01-30 14:18:58.764 +02:00 [INF] User authenticated: true, Role: Patient, Path: /
2025-01-30 14:18:58.766 +02:00 [INF] User authenticated: true, Role: Patient
2025-01-30 14:19:00.729 +02:00 [INF] User authenticated: true, Role: Patient, Path: /Doctors
2025-01-30 14:19:01.880 +02:00 [INF] User authenticated: true, Role: Patient, Path: /Appointments/MyAppointments
2025-01-30 14:19:01.895 +02:00 [INF] Requesting appointments for PatientId: abbda823-3e97-4dc3-8746-bd0bc9b6547f
2025-01-30 14:19:01.960 +02:00 [INF] Received 0 appointments
2025-01-30 14:19:02.715 +02:00 [INF] User authenticated: true, Role: Patient, Path: /MedicalRecords/History/abbda823-3e97-4dc3-8746-bd0bc9b6547f
2025-01-30 14:19:03.809 +02:00 [INF] User authenticated: true, Role: Patient, Path: /Appointments/MyAppointments
2025-01-30 14:19:03.813 +02:00 [INF] Requesting appointments for PatientId: abbda823-3e97-4dc3-8746-bd0bc9b6547f
2025-01-30 14:19:03.819 +02:00 [INF] Received 0 appointments
2025-01-30 14:19:05.143 +02:00 [INF] User authenticated: true, Role: Patient, Path: /Doctors
2025-01-30 14:19:06.277 +02:00 [INF] User authenticated: true, Role: Patient, Path: /Doctors/Details/34b21eaf-397a-4662-aca9-c9494ebc44f1
2025-01-30 14:19:07.827 +02:00 [INF] User authenticated: true, Role: Patient, Path: /Appointments/Create
2025-01-30 14:19:22.586 +02:00 [INF] User authenticated: true, Role: Patient, Path: /Appointments/Create
2025-01-30 14:19:22.595 +02:00 [INF] Creating appointment for local time: "2025-02-20T18:10:00.0000000+02:00"
2025-01-30 14:19:22.598 +02:00 [INF] Creating appointment with token: true
2025-01-30 14:19:22.727 +02:00 [INF] User authenticated: true, Role: Patient, Path: /Appointments/Details/c4536b56-59a9-4d79-9adb-056877bb20ca
2025-01-30 14:19:26.343 +02:00 [INF] User authenticated: true, Role: Doctor, Path: /Appointments/DoctorSchedule
2025-01-30 14:19:26.350 +02:00 [INF] Requesting appointments for PatientId: 
2025-01-30 14:19:26.372 +02:00 [INF] Received 4 appointments
2025-01-30 14:19:27.913 +02:00 [INF] User authenticated: true, Role: Doctor, Path: /Appointments/DoctorSchedule
2025-01-30 14:19:27.915 +02:00 [INF] Requesting appointments for PatientId: 
2025-01-30 14:19:27.924 +02:00 [INF] Received 4 appointments
2025-01-30 14:19:28.594 +02:00 [INF] User authenticated: true, Role: Doctor, Path: /Appointments/DoctorSchedule
2025-01-30 14:19:28.597 +02:00 [INF] Requesting appointments for PatientId: 
2025-01-30 14:19:28.601 +02:00 [INF] Received 4 appointments
2025-01-30 14:19:29.316 +02:00 [INF] User authenticated: true, Role: Doctor, Path: /Patients/MyPatients
2025-01-30 14:19:29.326 +02:00 [INF] Requesting appointments for PatientId: 
2025-01-30 14:19:29.331 +02:00 [INF] Received 4 appointments
2025-01-30 14:19:31.034 +02:00 [INF] User authenticated: true, Role: Doctor, Path: /Appointments/MyAppointments
2025-01-30 14:19:31.037 +02:00 [INF] Requesting appointments for PatientId: 
2025-01-30 14:19:31.042 +02:00 [INF] Received 4 appointments
2025-01-30 14:19:31.536 +02:00 [INF] User authenticated: true, Role: Doctor, Path: /Appointments/DoctorSchedule
2025-01-30 14:19:31.538 +02:00 [INF] Requesting appointments for PatientId: 
2025-01-30 14:19:31.554 +02:00 [INF] Received 4 appointments
2025-01-30 14:19:42.434 +02:00 [INF] User authenticated: true, Role: Doctor, Path: /Appointments/DoctorSchedule
2025-01-30 14:19:42.438 +02:00 [INF] Requesting appointments for PatientId: 
2025-01-30 14:19:42.447 +02:00 [INF] Received 4 appointments
2025-01-30 14:19:47.349 +02:00 [INF] User authenticated: true, Role: Doctor, Path: /Patients/MyPatients
2025-01-30 14:19:47.351 +02:00 [INF] Requesting appointments for PatientId: 
2025-01-30 14:19:47.358 +02:00 [INF] Received 4 appointments
2025-01-30 14:19:50.234 +02:00 [INF] User authenticated: true, Role: Doctor, Path: /MedicalRecords/History/abbda823-3e97-4dc3-8746-bd0bc9b6547f
2025-01-30 14:19:51.163 +02:00 [INF] User authenticated: true, Role: Doctor, Path: /Patients/MyPatients
2025-01-30 14:19:51.166 +02:00 [INF] Requesting appointments for PatientId: 
2025-01-30 14:19:51.173 +02:00 [INF] Received 4 appointments
2025-01-30 14:19:52.042 +02:00 [INF] User authenticated: true, Role: Doctor, Path: /Appointments/MyAppointments
2025-01-30 14:19:52.046 +02:00 [INF] Requesting appointments for PatientId: 
2025-01-30 14:19:52.052 +02:00 [INF] Received 4 appointments
2025-01-30 14:19:56.699 +02:00 [INF] User authenticated: true, Role: Doctor, Path: /Appointments/Details/c4536b56-59a9-4d79-9adb-056877bb20ca
2025-01-30 14:19:58.619 +02:00 [INF] User authenticated: true, Role: Doctor, Path: /Appointments/MyAppointments
2025-01-30 14:19:58.622 +02:00 [INF] Requesting appointments for PatientId: 
2025-01-30 14:19:58.636 +02:00 [INF] Received 4 appointments
2025-01-30 14:19:59.321 +02:00 [INF] User authenticated: true, Role: Doctor, Path: /Patients/MyPatients
2025-01-30 14:19:59.326 +02:00 [INF] Requesting appointments for PatientId: 
2025-01-30 14:19:59.336 +02:00 [INF] Received 4 appointments
2025-01-30 14:40:30.806 +02:00 [INF] Starting Medical Client web application
2025-01-30 14:40:32.269 +02:00 [INF] User authenticated: true, Role: Patient, Path: /
2025-01-30 14:40:32.322 +02:00 [INF] User authenticated: true, Role: Patient
2025-01-30 14:40:37.408 +02:00 [INF] User authenticated: true, Role: Doctor, Path: /Appointments/MyAppointments
2025-01-30 14:40:37.528 +02:00 [INF] Requesting appointments for PatientId: 
2025-01-30 14:40:40.161 +02:00 [INF] Received 4 appointments
2025-01-30 14:40:41.838 +02:00 [INF] User authenticated: true, Role: Doctor, Path: /Appointments/Details/c4536b56-59a9-4d79-9adb-056877bb20ca
2025-01-30 14:40:48.366 +02:00 [INF] User authenticated: true, Role: Patient, Path: /Appointments/MyAppointments
2025-01-30 14:40:48.375 +02:00 [INF] Requesting appointments for PatientId: abbda823-3e97-4dc3-8746-bd0bc9b6547f
2025-01-30 14:40:48.415 +02:00 [INF] Received 1 appointments
2025-01-30 14:40:50.062 +02:00 [INF] User authenticated: true, Role: Patient, Path: /Appointments/Create
2025-01-30 14:41:55.817 +02:00 [INF] Starting Medical Client web application
2025-01-30 14:41:57.022 +02:00 [INF] User authenticated: true, Role: Patient, Path: /
2025-01-30 14:41:57.078 +02:00 [INF] User authenticated: true, Role: Patient
2025-01-30 14:41:59.370 +02:00 [INF] User authenticated: true, Role: Patient, Path: /Appointments/MyAppointments
2025-01-30 14:41:59.509 +02:00 [INF] Requesting appointments for PatientId: abbda823-3e97-4dc3-8746-bd0bc9b6547f
2025-01-30 14:42:00.843 +02:00 [INF] Received 1 appointments
2025-01-30 14:42:04.760 +02:00 [INF] User authenticated: true, Role: Patient, Path: /Appointments/Create
2025-01-30 14:43:22.166 +02:00 [INF] Starting Medical Client web application
2025-01-30 14:43:23.626 +02:00 [INF] User authenticated: true, Role: Patient, Path: /
2025-01-30 14:43:23.669 +02:00 [INF] User authenticated: true, Role: Patient
2025-01-30 14:43:25.707 +02:00 [INF] User authenticated: true, Role: Patient, Path: /Appointments/MyAppointments
2025-01-30 14:43:25.829 +02:00 [INF] Requesting appointments for PatientId: abbda823-3e97-4dc3-8746-bd0bc9b6547f
2025-01-30 14:43:27.303 +02:00 [INF] Received 1 appointments
2025-01-30 14:43:29.281 +02:00 [INF] User authenticated: true, Role: Patient, Path: /Appointments/Create
2025-01-30 14:44:09.595 +02:00 [INF] Starting Medical Client web application
2025-01-30 14:44:11.018 +02:00 [INF] User authenticated: true, Role: Patient, Path: /
2025-01-30 14:44:11.079 +02:00 [INF] User authenticated: true, Role: Patient
2025-01-30 14:44:13.136 +02:00 [INF] User authenticated: true, Role: Patient, Path: /MedicalRecords/History/abbda823-3e97-4dc3-8746-bd0bc9b6547f
2025-01-30 14:44:17.456 +02:00 [INF] Call failed with gRPC error status. Status code: '"Unavailable"', Message: 'Error connecting to subchannel.'.
System.Net.Sockets.SocketException (10061): Подключение не установлено, т.к. конечный компьютер отверг запрос на подключение.
   at System.Net.Sockets.Socket.AwaitableSocketAsyncEventArgs.ThrowException(SocketError error, CancellationToken cancellationToken)
   at System.Net.Sockets.Socket.AwaitableSocketAsyncEventArgs.System.Threading.Tasks.Sources.IValueTaskSource.GetResult(Int16 token)
   at System.Net.Sockets.Socket.<ConnectAsync>g__WaitForConnectWithCancellation|285_0(AwaitableSocketAsyncEventArgs saea, ValueTask connectTask, CancellationToken cancellationToken)
   at Grpc.Net.Client.Balancer.Internal.SocketConnectivitySubchannelTransport.TryConnectAsync(ConnectContext context, Int32 attempt)
2025-01-30 14:44:17.482 +02:00 [ERR] Error getting medical history for patient abbda823-3e97-4dc3-8746-bd0bc9b6547f
Grpc.Core.RpcException: Status(StatusCode="Unavailable", Detail="Error connecting to subchannel.", DebugException="System.Net.Sockets.SocketException: Подключение не установлено, т.к. конечный компьютер отверг запрос на подключение.")
 ---> System.Net.Sockets.SocketException (10061): Подключение не установлено, т.к. конечный компьютер отверг запрос на подключение.
   at System.Net.Sockets.Socket.AwaitableSocketAsyncEventArgs.ThrowException(SocketError error, CancellationToken cancellationToken)
   at System.Net.Sockets.Socket.AwaitableSocketAsyncEventArgs.System.Threading.Tasks.Sources.IValueTaskSource.GetResult(Int16 token)
   at System.Net.Sockets.Socket.<ConnectAsync>g__WaitForConnectWithCancellation|285_0(AwaitableSocketAsyncEventArgs saea, ValueTask connectTask, CancellationToken cancellationToken)
   at Grpc.Net.Client.Balancer.Internal.SocketConnectivitySubchannelTransport.TryConnectAsync(ConnectContext context, Int32 attempt)
   --- End of inner exception stack trace ---
   at Grpc.Net.Client.Balancer.Internal.ConnectionManager.PickAsync(PickContext context, Boolean waitForReady, CancellationToken cancellationToken)
   at Grpc.Net.Client.Balancer.Internal.BalancerHttpHandler.SendAsync(HttpRequestMessage request, CancellationToken cancellationToken)
   at Grpc.Net.Client.Internal.GrpcCall`2.RunCall(HttpRequestMessage request, Nullable`1 timeout)
   at Medical.Client.Services.PatientServiceGrpc.GetPatientMedicalHistoryAsync(String patientId) in D:\OtherProjects\MedicalApp\Medical.Client\Services\PatientService.cs:line 53
2025-01-30 14:44:17.493 +02:00 [ERR] Error retrieving medical history for patient ID: abbda823-3e97-4dc3-8746-bd0bc9b6547f
Grpc.Core.RpcException: Status(StatusCode="Unavailable", Detail="Error connecting to subchannel.", DebugException="System.Net.Sockets.SocketException: Подключение не установлено, т.к. конечный компьютер отверг запрос на подключение.")
 ---> System.Net.Sockets.SocketException (10061): Подключение не установлено, т.к. конечный компьютер отверг запрос на подключение.
   at System.Net.Sockets.Socket.AwaitableSocketAsyncEventArgs.ThrowException(SocketError error, CancellationToken cancellationToken)
   at System.Net.Sockets.Socket.AwaitableSocketAsyncEventArgs.System.Threading.Tasks.Sources.IValueTaskSource.GetResult(Int16 token)
   at System.Net.Sockets.Socket.<ConnectAsync>g__WaitForConnectWithCancellation|285_0(AwaitableSocketAsyncEventArgs saea, ValueTask connectTask, CancellationToken cancellationToken)
   at Grpc.Net.Client.Balancer.Internal.SocketConnectivitySubchannelTransport.TryConnectAsync(ConnectContext context, Int32 attempt)
   --- End of inner exception stack trace ---
   at Grpc.Net.Client.Balancer.Internal.ConnectionManager.PickAsync(PickContext context, Boolean waitForReady, CancellationToken cancellationToken)
   at Grpc.Net.Client.Balancer.Internal.BalancerHttpHandler.SendAsync(HttpRequestMessage request, CancellationToken cancellationToken)
   at Grpc.Net.Client.Internal.GrpcCall`2.RunCall(HttpRequestMessage request, Nullable`1 timeout)
   at Medical.Client.Services.PatientServiceGrpc.GetPatientMedicalHistoryAsync(String patientId) in D:\OtherProjects\MedicalApp\Medical.Client\Services\PatientService.cs:line 53
   at Medical.Client.Models.MedicalRecords.HistoryModel.OnGetAsync(String patientId) in D:\OtherProjects\MedicalApp\Medical.Client\Models\MedicalRecords\HistoryModel.cs:line 28
2025-01-30 14:44:20.956 +02:00 [INF] User authenticated: true, Role: Patient, Path: /Appointments/MyAppointments
2025-01-30 14:44:20.980 +02:00 [INF] Requesting appointments for PatientId: abbda823-3e97-4dc3-8746-bd0bc9b6547f
2025-01-30 14:44:25.043 +02:00 [INF] Call failed with gRPC error status. Status code: '"Unavailable"', Message: 'Error connecting to subchannel.'.
System.Net.Sockets.SocketException (10061): Подключение не установлено, т.к. конечный компьютер отверг запрос на подключение.
   at System.Net.Sockets.Socket.AwaitableSocketAsyncEventArgs.ThrowException(SocketError error, CancellationToken cancellationToken)
   at System.Net.Sockets.Socket.AwaitableSocketAsyncEventArgs.System.Threading.Tasks.Sources.IValueTaskSource.GetResult(Int16 token)
   at System.Net.Sockets.Socket.<ConnectAsync>g__WaitForConnectWithCancellation|285_0(AwaitableSocketAsyncEventArgs saea, ValueTask connectTask, CancellationToken cancellationToken)
   at Grpc.Net.Client.Balancer.Internal.SocketConnectivitySubchannelTransport.TryConnectAsync(ConnectContext context, Int32 attempt)
2025-01-30 14:44:25.050 +02:00 [ERR] Error getting appointments. Status: Status(StatusCode="Unavailable", Detail="Error connecting to subchannel.", DebugException="System.Net.Sockets.SocketException: Подключение не установлено, т.к. конечный компьютер отверг запрос на подключение.")
Grpc.Core.RpcException: Status(StatusCode="Unavailable", Detail="Error connecting to subchannel.", DebugException="System.Net.Sockets.SocketException: Подключение не установлено, т.к. конечный компьютер отверг запрос на подключение.")
 ---> System.Net.Sockets.SocketException (10061): Подключение не установлено, т.к. конечный компьютер отверг запрос на подключение.
   at System.Net.Sockets.Socket.AwaitableSocketAsyncEventArgs.ThrowException(SocketError error, CancellationToken cancellationToken)
   at System.Net.Sockets.Socket.AwaitableSocketAsyncEventArgs.System.Threading.Tasks.Sources.IValueTaskSource.GetResult(Int16 token)
   at System.Net.Sockets.Socket.<ConnectAsync>g__WaitForConnectWithCancellation|285_0(AwaitableSocketAsyncEventArgs saea, ValueTask connectTask, CancellationToken cancellationToken)
   at Grpc.Net.Client.Balancer.Internal.SocketConnectivitySubchannelTransport.TryConnectAsync(ConnectContext context, Int32 attempt)
   --- End of inner exception stack trace ---
   at Grpc.Net.Client.Balancer.Internal.ConnectionManager.PickAsync(PickContext context, Boolean waitForReady, CancellationToken cancellationToken)
   at Grpc.Net.Client.Balancer.Internal.BalancerHttpHandler.SendAsync(HttpRequestMessage request, CancellationToken cancellationToken)
   at Grpc.Net.Client.Internal.GrpcCall`2.RunCall(HttpRequestMessage request, Nullable`1 timeout)
   at Medical.Client.Services.AppointmentServiceGrpc.GetAppointmentsAsync(AppointmentRequest request) in D:\OtherProjects\MedicalApp\Medical.Client\Services\AppointmentService.cs:line 33
2025-01-30 14:44:25.060 +02:00 [ERR] Error loading appointments for user abbda823-3e97-4dc3-8746-bd0bc9b6547f
Grpc.Core.RpcException: Status(StatusCode="Unavailable", Detail="Error connecting to subchannel.", DebugException="System.Net.Sockets.SocketException: Подключение не установлено, т.к. конечный компьютер отверг запрос на подключение.")
 ---> System.Net.Sockets.SocketException (10061): Подключение не установлено, т.к. конечный компьютер отверг запрос на подключение.
   at System.Net.Sockets.Socket.AwaitableSocketAsyncEventArgs.ThrowException(SocketError error, CancellationToken cancellationToken)
   at System.Net.Sockets.Socket.AwaitableSocketAsyncEventArgs.System.Threading.Tasks.Sources.IValueTaskSource.GetResult(Int16 token)
   at System.Net.Sockets.Socket.<ConnectAsync>g__WaitForConnectWithCancellation|285_0(AwaitableSocketAsyncEventArgs saea, ValueTask connectTask, CancellationToken cancellationToken)
   at Grpc.Net.Client.Balancer.Internal.SocketConnectivitySubchannelTransport.TryConnectAsync(ConnectContext context, Int32 attempt)
   --- End of inner exception stack trace ---
   at Grpc.Net.Client.Balancer.Internal.ConnectionManager.PickAsync(PickContext context, Boolean waitForReady, CancellationToken cancellationToken)
   at Grpc.Net.Client.Balancer.Internal.BalancerHttpHandler.SendAsync(HttpRequestMessage request, CancellationToken cancellationToken)
   at Grpc.Net.Client.Internal.GrpcCall`2.RunCall(HttpRequestMessage request, Nullable`1 timeout)
   at Medical.Client.Services.AppointmentServiceGrpc.GetAppointmentsAsync(AppointmentRequest request) in D:\OtherProjects\MedicalApp\Medical.Client\Services\AppointmentService.cs:line 33
   at Medical.Client.Models.Appointments.MyAppointmentsModel.OnGetAsync() in D:\OtherProjects\MedicalApp\Medical.Client\Models\Appointments\MyAppointmentsModel.cs:line 54
2025-01-30 14:44:38.118 +02:00 [INF] Starting Medical Client web application
2025-01-30 14:44:39.420 +02:00 [INF] User authenticated: true, Role: Patient, Path: /
2025-01-30 14:44:39.478 +02:00 [INF] User authenticated: true, Role: Patient
2025-01-30 14:45:06.907 +02:00 [INF] User authenticated: true, Role: Patient, Path: /Appointments/MyAppointments
2025-01-30 14:45:07.023 +02:00 [INF] Requesting appointments for PatientId: abbda823-3e97-4dc3-8746-bd0bc9b6547f
2025-01-30 14:45:08.308 +02:00 [INF] Received 1 appointments
2025-01-30 14:45:10.479 +02:00 [INF] User authenticated: true, Role: Patient, Path: /Appointments/Create
2025-01-30 15:30:13.905 +02:00 [INF] Starting Medical Client web application
2025-01-30 15:30:15.657 +02:00 [INF] User authenticated: true, Role: Patient, Path: /
2025-01-30 15:30:15.761 +02:00 [INF] User authenticated: true, Role: Patient
2025-01-30 15:30:19.917 +02:00 [INF] User authenticated: true, Role: Patient, Path: /Account/Logout
2025-01-30 15:30:24.305 +02:00 [INF] Call failed with gRPC error status. Status code: '"Unavailable"', Message: 'Error connecting to subchannel.'.
System.Net.Sockets.SocketException (10061): Подключение не установлено, т.к. конечный компьютер отверг запрос на подключение.
   at System.Net.Sockets.Socket.AwaitableSocketAsyncEventArgs.ThrowException(SocketError error, CancellationToken cancellationToken)
   at System.Net.Sockets.Socket.AwaitableSocketAsyncEventArgs.System.Threading.Tasks.Sources.IValueTaskSource.GetResult(Int16 token)
   at System.Net.Sockets.Socket.<ConnectAsync>g__WaitForConnectWithCancellation|285_0(AwaitableSocketAsyncEventArgs saea, ValueTask connectTask, CancellationToken cancellationToken)
   at Grpc.Net.Client.Balancer.Internal.SocketConnectivitySubchannelTransport.TryConnectAsync(ConnectContext context, Int32 attempt)
2025-01-30 15:30:24.338 +02:00 [ERR] Error during logout
Grpc.Core.RpcException: Status(StatusCode="Unavailable", Detail="Error connecting to subchannel.", DebugException="System.Net.Sockets.SocketException: Подключение не установлено, т.к. конечный компьютер отверг запрос на подключение.")
 ---> System.Net.Sockets.SocketException (10061): Подключение не установлено, т.к. конечный компьютер отверг запрос на подключение.
   at System.Net.Sockets.Socket.AwaitableSocketAsyncEventArgs.ThrowException(SocketError error, CancellationToken cancellationToken)
   at System.Net.Sockets.Socket.AwaitableSocketAsyncEventArgs.System.Threading.Tasks.Sources.IValueTaskSource.GetResult(Int16 token)
   at System.Net.Sockets.Socket.<ConnectAsync>g__WaitForConnectWithCancellation|285_0(AwaitableSocketAsyncEventArgs saea, ValueTask connectTask, CancellationToken cancellationToken)
   at Grpc.Net.Client.Balancer.Internal.SocketConnectivitySubchannelTransport.TryConnectAsync(ConnectContext context, Int32 attempt)
   --- End of inner exception stack trace ---
   at Grpc.Net.Client.Balancer.Internal.ConnectionManager.PickAsync(PickContext context, Boolean waitForReady, CancellationToken cancellationToken)
   at Grpc.Net.Client.Balancer.Internal.BalancerHttpHandler.SendAsync(HttpRequestMessage request, CancellationToken cancellationToken)
   at Grpc.Net.Client.Internal.GrpcCall`2.RunCall(HttpRequestMessage request, Nullable`1 timeout)
   at Medical.Client.Services.AuthenticationServiceGrpc.LogoutAsync(String token) in D:\OtherProjects\MedicalApp\Medical.Client\Services\AuthenticationService.cs:line 63
2025-01-30 15:30:24.356 +02:00 [ERR] Error during logout
Grpc.Core.RpcException: Status(StatusCode="Unavailable", Detail="Error connecting to subchannel.", DebugException="System.Net.Sockets.SocketException: Подключение не установлено, т.к. конечный компьютер отверг запрос на подключение.")
 ---> System.Net.Sockets.SocketException (10061): Подключение не установлено, т.к. конечный компьютер отверг запрос на подключение.
   at System.Net.Sockets.Socket.AwaitableSocketAsyncEventArgs.ThrowException(SocketError error, CancellationToken cancellationToken)
   at System.Net.Sockets.Socket.AwaitableSocketAsyncEventArgs.System.Threading.Tasks.Sources.IValueTaskSource.GetResult(Int16 token)
   at System.Net.Sockets.Socket.<ConnectAsync>g__WaitForConnectWithCancellation|285_0(AwaitableSocketAsyncEventArgs saea, ValueTask connectTask, CancellationToken cancellationToken)
   at Grpc.Net.Client.Balancer.Internal.SocketConnectivitySubchannelTransport.TryConnectAsync(ConnectContext context, Int32 attempt)
   --- End of inner exception stack trace ---
   at Grpc.Net.Client.Balancer.Internal.ConnectionManager.PickAsync(PickContext context, Boolean waitForReady, CancellationToken cancellationToken)
   at Grpc.Net.Client.Balancer.Internal.BalancerHttpHandler.SendAsync(HttpRequestMessage request, CancellationToken cancellationToken)
   at Grpc.Net.Client.Internal.GrpcCall`2.RunCall(HttpRequestMessage request, Nullable`1 timeout)
   at Medical.Client.Services.AuthenticationServiceGrpc.LogoutAsync(String token) in D:\OtherProjects\MedicalApp\Medical.Client\Services\AuthenticationService.cs:line 63
   at Medical.Client.Models.Account.LogoutModel.OnPost() in D:\OtherProjects\MedicalApp\Medical.Client\Models\Account\LogoutModel.cs:line 33
2025-01-30 15:30:24.415 +02:00 [INF] User authenticated: true, Role: Patient, Path: /Error
2025-01-30 16:02:51.622 +02:00 [INF] Starting Medical Client web application
2025-01-30 16:02:53.940 +02:00 [INF] User authenticated: true, Role: Patient, Path: /
2025-01-30 16:02:54.019 +02:00 [INF] User authenticated: true, Role: Patient
2025-01-30 16:02:56.025 +02:00 [INF] User authenticated: true, Role: Patient, Path: /Account/Logout
2025-01-30 16:02:56.921 +02:00 [INF] User authenticated: false, Role: , Path: /
2025-01-30 16:02:56.925 +02:00 [INF] User authenticated: false, Role: 
2025-01-30 16:02:58.459 +02:00 [INF] User authenticated: false, Role: , Path: /Account/Login
2025-01-30 16:03:38.084 +02:00 [INF] User authenticated: false, Role: , Path: /Account/Login
2025-01-30 16:03:38.648 +02:00 [INF] User authenticated: true, Role: Doctor, Path: /
2025-01-30 16:03:38.651 +02:00 [INF] User authenticated: true, Role: Doctor
2025-01-30 16:03:40.527 +02:00 [INF] User authenticated: true, Role: Doctor, Path: /Schedule/Create
2025-01-30 16:03:59.604 +02:00 [INF] User authenticated: true, Role: Doctor, Path: /Schedule/Create
2025-01-30 16:04:21.781 +02:00 [INF] User authenticated: true, Role: Doctor, Path: /Appointments/DoctorSchedule
2025-01-30 16:04:21.803 +02:00 [INF] Requesting appointments for PatientId: 
2025-01-30 16:04:22.477 +02:00 [INF] Received 0 appointments
2025-01-30 16:04:24.762 +02:00 [INF] User authenticated: true, Role: Doctor, Path: /Appointments/MyAppointments
2025-01-30 16:04:24.799 +02:00 [INF] Requesting appointments for PatientId: 
2025-01-30 16:04:24.819 +02:00 [INF] Received 0 appointments
2025-01-30 16:04:25.554 +02:00 [INF] User authenticated: true, Role: Doctor, Path: /Patients/MyPatients
2025-01-30 16:04:25.569 +02:00 [INF] Requesting appointments for PatientId: 
2025-01-30 16:04:25.585 +02:00 [INF] Received 0 appointments
2025-01-30 16:04:26.248 +02:00 [INF] User authenticated: true, Role: Doctor, Path: /Doctors
2025-01-30 16:04:27.713 +02:00 [INF] User authenticated: true, Role: Doctor, Path: /Schedule/Create
2025-01-30 16:09:02.838 +02:00 [INF] Starting Medical Client web application
2025-01-30 16:09:04.507 +02:00 [INF] User authenticated: true, Role: Doctor, Path: /
2025-01-30 16:09:04.572 +02:00 [INF] User authenticated: true, Role: Doctor
2025-01-30 16:09:07.398 +02:00 [INF] User authenticated: true, Role: Doctor, Path: /Schedule
2025-01-30 16:09:12.333 +02:00 [INF] User authenticated: true, Role: Doctor, Path: /Schedule/Create
2025-01-30 16:09:19.765 +02:00 [INF] User authenticated: true, Role: Doctor, Path: /Schedule/Create
2025-01-30 16:09:20.994 +02:00 [INF] Call failed with gRPC error status. Status code: '"Internal"', Message: 'Error creating schedule'.
2025-01-30 16:09:21.003 +02:00 [ERR] Error creating schedule for doctor 56efbef5-cb95-4ab8-9ea4-86bf366c6355
Grpc.Core.RpcException: Status(StatusCode="Internal", Detail="Error creating schedule")
   at Medical.Client.Services.DoctorServiceGrpc.CreateScheduleAsync(CreateScheduleRequest request) in D:\OtherProjects\MedicalApp\Medical.Client\Services\DoctorService.cs:line 89
2025-01-30 16:09:21.017 +02:00 [ERR] Error creating schedule for doctor 56efbef5-cb95-4ab8-9ea4-86bf366c6355
Grpc.Core.RpcException: Status(StatusCode="Internal", Detail="Error creating schedule")
   at Medical.Client.Services.DoctorServiceGrpc.CreateScheduleAsync(CreateScheduleRequest request) in D:\OtherProjects\MedicalApp\Medical.Client\Services\DoctorService.cs:line 89
   at Medical.Client.Models.Schedule.CreateModel.OnPostAsync() in D:\OtherProjects\MedicalApp\Medical.Client\Models\Schedule\CreateModel.cs:line 83
2025-01-30 16:12:47.320 +02:00 [INF] Starting Medical Client web application
2025-01-30 16:12:48.806 +02:00 [INF] User authenticated: true, Role: Doctor, Path: /
2025-01-30 16:12:48.856 +02:00 [INF] User authenticated: true, Role: Doctor
2025-01-30 16:12:51.132 +02:00 [INF] User authenticated: true, Role: Doctor, Path: /Schedule/Create
2025-01-30 16:12:59.762 +02:00 [INF] User authenticated: true, Role: Doctor, Path: /Schedule/Create
2025-01-30 16:12:59.824 +02:00 [INF] Creating schedule - DoctorId: 56efbef5-cb95-4ab8-9ea4-86bf366c6355, Day: 6, Start: "09:00:00", End: "17:00:00", ValidFrom: "2025-01-30T00:00:00.0000000", ValidTo: "2025-04-30T00:00:00.0000000"
2025-01-30 16:13:04.052 +02:00 [INF] Call failed with gRPC error status. Status code: '"Unavailable"', Message: 'Error connecting to subchannel.'.
System.Net.Sockets.SocketException (10061): Подключение не установлено, т.к. конечный компьютер отверг запрос на подключение.
   at System.Net.Sockets.Socket.AwaitableSocketAsyncEventArgs.ThrowException(SocketError error, CancellationToken cancellationToken)
   at System.Net.Sockets.Socket.AwaitableSocketAsyncEventArgs.System.Threading.Tasks.Sources.IValueTaskSource.GetResult(Int16 token)
   at System.Net.Sockets.Socket.<ConnectAsync>g__WaitForConnectWithCancellation|285_0(AwaitableSocketAsyncEventArgs saea, ValueTask connectTask, CancellationToken cancellationToken)
   at Grpc.Net.Client.Balancer.Internal.SocketConnectivitySubchannelTransport.TryConnectAsync(ConnectContext context, Int32 attempt)
2025-01-30 16:13:04.074 +02:00 [ERR] Error creating schedule for doctor 56efbef5-cb95-4ab8-9ea4-86bf366c6355
Grpc.Core.RpcException: Status(StatusCode="Unavailable", Detail="Error connecting to subchannel.", DebugException="System.Net.Sockets.SocketException: Подключение не установлено, т.к. конечный компьютер отверг запрос на подключение.")
 ---> System.Net.Sockets.SocketException (10061): Подключение не установлено, т.к. конечный компьютер отверг запрос на подключение.
   at System.Net.Sockets.Socket.AwaitableSocketAsyncEventArgs.ThrowException(SocketError error, CancellationToken cancellationToken)
   at System.Net.Sockets.Socket.AwaitableSocketAsyncEventArgs.System.Threading.Tasks.Sources.IValueTaskSource.GetResult(Int16 token)
   at System.Net.Sockets.Socket.<ConnectAsync>g__WaitForConnectWithCancellation|285_0(AwaitableSocketAsyncEventArgs saea, ValueTask connectTask, CancellationToken cancellationToken)
   at Grpc.Net.Client.Balancer.Internal.SocketConnectivitySubchannelTransport.TryConnectAsync(ConnectContext context, Int32 attempt)
   --- End of inner exception stack trace ---
   at Grpc.Net.Client.Balancer.Internal.ConnectionManager.PickAsync(PickContext context, Boolean waitForReady, CancellationToken cancellationToken)
   at Grpc.Net.Client.Balancer.Internal.BalancerHttpHandler.SendAsync(HttpRequestMessage request, CancellationToken cancellationToken)
   at Grpc.Net.Client.Internal.GrpcCall`2.RunCall(HttpRequestMessage request, Nullable`1 timeout)
   at Medical.Client.Services.DoctorServiceGrpc.CreateScheduleAsync(CreateScheduleRequest request) in D:\OtherProjects\MedicalApp\Medical.Client\Services\DoctorService.cs:line 89
2025-01-30 16:13:04.088 +02:00 [ERR] Error creating schedule - Request: {"DoctorId":"56efbef5-cb95-4ab8-9ea4-86bf366c6355","DayOfWeek":6,"StartTime":{"Seconds":1738227600,"Nanos":0,"$type":"Timestamp"},"EndTime":{"Seconds":1738256400,"Nanos":0,"$type":"Timestamp"},"SlotDurationMinutes":30,"ValidFrom":{"Seconds":1738195200,"Nanos":0,"$type":"Timestamp"},"ValidTo":{"Seconds":1745971200,"Nanos":0,"$type":"Timestamp"},"Notes":"111","$type":"CreateScheduleRequest"}
Grpc.Core.RpcException: Status(StatusCode="Unavailable", Detail="Error connecting to subchannel.", DebugException="System.Net.Sockets.SocketException: Подключение не установлено, т.к. конечный компьютер отверг запрос на подключение.")
 ---> System.Net.Sockets.SocketException (10061): Подключение не установлено, т.к. конечный компьютер отверг запрос на подключение.
   at System.Net.Sockets.Socket.AwaitableSocketAsyncEventArgs.ThrowException(SocketError error, CancellationToken cancellationToken)
   at System.Net.Sockets.Socket.AwaitableSocketAsyncEventArgs.System.Threading.Tasks.Sources.IValueTaskSource.GetResult(Int16 token)
   at System.Net.Sockets.Socket.<ConnectAsync>g__WaitForConnectWithCancellation|285_0(AwaitableSocketAsyncEventArgs saea, ValueTask connectTask, CancellationToken cancellationToken)
   at Grpc.Net.Client.Balancer.Internal.SocketConnectivitySubchannelTransport.TryConnectAsync(ConnectContext context, Int32 attempt)
   --- End of inner exception stack trace ---
   at Grpc.Net.Client.Balancer.Internal.ConnectionManager.PickAsync(PickContext context, Boolean waitForReady, CancellationToken cancellationToken)
   at Grpc.Net.Client.Balancer.Internal.BalancerHttpHandler.SendAsync(HttpRequestMessage request, CancellationToken cancellationToken)
   at Grpc.Net.Client.Internal.GrpcCall`2.RunCall(HttpRequestMessage request, Nullable`1 timeout)
   at Medical.Client.Services.DoctorServiceGrpc.CreateScheduleAsync(CreateScheduleRequest request) in D:\OtherProjects\MedicalApp\Medical.Client\Services\DoctorService.cs:line 89
   at Medical.Client.Models.Schedule.CreateModel.OnPostAsync() in D:\OtherProjects\MedicalApp\Medical.Client\Models\Schedule\CreateModel.cs:line 82
2025-01-30 16:13:20.414 +02:00 [INF] Starting Medical Client web application
2025-01-30 16:13:21.572 +02:00 [INF] User authenticated: true, Role: Doctor, Path: /
2025-01-30 16:13:21.624 +02:00 [INF] User authenticated: true, Role: Doctor
2025-01-30 16:13:28.821 +02:00 [INF] User authenticated: true, Role: Doctor, Path: /Schedule
2025-01-30 16:13:30.511 +02:00 [INF] Call failed with gRPC error status. Status code: '"Internal"', Message: 'Error retrieving doctor schedules'.
2025-01-30 16:13:30.531 +02:00 [ERR] Error getting schedule for doctor 56efbef5-cb95-4ab8-9ea4-86bf366c6355
Grpc.Core.RpcException: Status(StatusCode="Internal", Detail="Error retrieving doctor schedules")
   at Medical.Client.Services.DoctorServiceGrpc.GetDoctorScheduleAsync(String doctorId, DateTime fromDate, DateTime toDate) in D:\OtherProjects\MedicalApp\Medical.Client\Services\DoctorService.cs:line 138
2025-01-30 16:13:30.552 +02:00 [ERR] Error loading schedules
Grpc.Core.RpcException: Status(StatusCode="Internal", Detail="Error retrieving doctor schedules")
   at Medical.Client.Services.DoctorServiceGrpc.GetDoctorScheduleAsync(String doctorId, DateTime fromDate, DateTime toDate) in D:\OtherProjects\MedicalApp\Medical.Client\Services\DoctorService.cs:line 138
   at Medical.Client.Models.Schedule.IndexModel.OnGetAsync() in D:\OtherProjects\MedicalApp\Medical.Client\Models\Schedule\IndexModel.cs:line 35
2025-01-30 16:13:32.340 +02:00 [INF] User authenticated: true, Role: Doctor, Path: /Schedule/Create
2025-01-30 16:13:58.211 +02:00 [INF] User authenticated: true, Role: Doctor, Path: /Schedule/Create
2025-01-30 16:13:58.271 +02:00 [INF] Creating schedule - DoctorId: 56efbef5-cb95-4ab8-9ea4-86bf366c6355, Day: 6, Start: "09:00:00", End: "17:00:00", ValidFrom: "2025-01-30T00:00:00.0000000", ValidTo: "2025-04-30T00:00:00.0000000"
2025-01-30 16:13:58.497 +02:00 [INF] Call failed with gRPC error status. Status code: '"Internal"', Message: 'Error creating schedule'.
2025-01-30 16:13:58.500 +02:00 [ERR] Error creating schedule for doctor 56efbef5-cb95-4ab8-9ea4-86bf366c6355
Grpc.Core.RpcException: Status(StatusCode="Internal", Detail="Error creating schedule")
   at Medical.Client.Services.DoctorServiceGrpc.CreateScheduleAsync(CreateScheduleRequest request) in D:\OtherProjects\MedicalApp\Medical.Client\Services\DoctorService.cs:line 89
2025-01-30 16:13:58.511 +02:00 [ERR] Error creating schedule - Request: {"DoctorId":"56efbef5-cb95-4ab8-9ea4-86bf366c6355","DayOfWeek":6,"StartTime":{"Seconds":1738227600,"Nanos":0,"$type":"Timestamp"},"EndTime":{"Seconds":1738256400,"Nanos":0,"$type":"Timestamp"},"SlotDurationMinutes":30,"ValidFrom":{"Seconds":1738195200,"Nanos":0,"$type":"Timestamp"},"ValidTo":{"Seconds":1745971200,"Nanos":0,"$type":"Timestamp"},"Notes":"111","$type":"CreateScheduleRequest"}
Grpc.Core.RpcException: Status(StatusCode="Internal", Detail="Error creating schedule")
   at Medical.Client.Services.DoctorServiceGrpc.CreateScheduleAsync(CreateScheduleRequest request) in D:\OtherProjects\MedicalApp\Medical.Client\Services\DoctorService.cs:line 89
   at Medical.Client.Models.Schedule.CreateModel.OnPostAsync() in D:\OtherProjects\MedicalApp\Medical.Client\Models\Schedule\CreateModel.cs:line 82
2025-01-30 16:15:26.812 +02:00 [INF] Starting Medical Client web application
2025-01-30 16:15:28.210 +02:00 [INF] User authenticated: true, Role: Doctor, Path: /
2025-01-30 16:15:28.267 +02:00 [INF] User authenticated: true, Role: Doctor
2025-01-30 16:15:29.975 +02:00 [INF] User authenticated: true, Role: Doctor, Path: /Schedule/Create
2025-01-30 16:15:36.651 +02:00 [INF] User authenticated: true, Role: Doctor, Path: /Schedule/Create
2025-01-30 16:15:36.735 +02:00 [INF] Creating schedule - DoctorId: 56efbef5-cb95-4ab8-9ea4-86bf366c6355, Day: 6, Start: "09:00:00", End: "17:00:00", ValidFrom: "2025-01-30T00:00:00.0000000", ValidTo: "2025-04-30T00:00:00.0000000"
2025-01-30 16:15:37.975 +02:00 [INF] Call failed with gRPC error status. Status code: '"Internal"', Message: 'Schedule overlaps with existing schedule'.
2025-01-30 16:15:37.993 +02:00 [ERR] Error creating schedule for doctor 56efbef5-cb95-4ab8-9ea4-86bf366c6355
Grpc.Core.RpcException: Status(StatusCode="Internal", Detail="Schedule overlaps with existing schedule")
   at Medical.Client.Services.DoctorServiceGrpc.CreateScheduleAsync(CreateScheduleRequest request) in D:\OtherProjects\MedicalApp\Medical.Client\Services\DoctorService.cs:line 89
2025-01-30 16:15:38.018 +02:00 [ERR] Error creating schedule - Request: {"DoctorId":"56efbef5-cb95-4ab8-9ea4-86bf366c6355","DayOfWeek":6,"StartTime":{"Seconds":1738227600,"Nanos":0,"$type":"Timestamp"},"EndTime":{"Seconds":1738256400,"Nanos":0,"$type":"Timestamp"},"SlotDurationMinutes":30,"ValidFrom":{"Seconds":1738195200,"Nanos":0,"$type":"Timestamp"},"ValidTo":{"Seconds":1745971200,"Nanos":0,"$type":"Timestamp"},"Notes":"111","$type":"CreateScheduleRequest"}
Grpc.Core.RpcException: Status(StatusCode="Internal", Detail="Schedule overlaps with existing schedule")
   at Medical.Client.Services.DoctorServiceGrpc.CreateScheduleAsync(CreateScheduleRequest request) in D:\OtherProjects\MedicalApp\Medical.Client\Services\DoctorService.cs:line 89
   at Medical.Client.Models.Schedule.CreateModel.OnPostAsync() in D:\OtherProjects\MedicalApp\Medical.Client\Models\Schedule\CreateModel.cs:line 82
2025-01-30 16:20:53.801 +02:00 [INF] Starting Medical Client web application
2025-01-30 16:20:55.600 +02:00 [INF] User authenticated: true, Role: Doctor, Path: /
2025-01-30 16:20:55.663 +02:00 [INF] User authenticated: true, Role: Doctor
2025-01-30 16:20:58.405 +02:00 [INF] User authenticated: true, Role: Doctor, Path: /Schedule/Create
2025-01-30 16:21:00.104 +02:00 [INF] Call failed with gRPC error status. Status code: '"Internal"', Message: 'Error retrieving doctor schedules'.
2025-01-30 16:21:00.118 +02:00 [ERR] Error getting schedule for doctor 56efbef5-cb95-4ab8-9ea4-86bf366c6355
Grpc.Core.RpcException: Status(StatusCode="Internal", Detail="Error retrieving doctor schedules")
   at Medical.Client.Services.DoctorServiceGrpc.GetDoctorScheduleAsync(String doctorId, DateTime fromDate, DateTime toDate) in D:\OtherProjects\MedicalApp\Medical.Client\Services\DoctorService.cs:line 138
2025-01-30 16:21:00.143 +02:00 [ERR] Error in authentication middleware
Grpc.Core.RpcException: Status(StatusCode="Internal", Detail="Error retrieving doctor schedules")
   at Medical.Client.Services.DoctorServiceGrpc.GetDoctorScheduleAsync(String doctorId, DateTime fromDate, DateTime toDate) in D:\OtherProjects\MedicalApp\Medical.Client\Services\DoctorService.cs:line 138
   at Medical.Client.Models.Schedule.CreateModel.OnGetAsync() in D:\OtherProjects\MedicalApp\Medical.Client\Models\Schedule\CreateModel.cs:line 42
   at Microsoft.AspNetCore.Mvc.RazorPages.Infrastructure.ExecutorFactory.NonGenericTaskHandlerMethod.Execute(Object receiver, Object[] arguments)
   at Microsoft.AspNetCore.Mvc.RazorPages.Infrastructure.PageActionInvoker.InvokeHandlerMethodAsync()
   at Microsoft.AspNetCore.Mvc.RazorPages.Infrastructure.PageActionInvoker.InvokeNextPageFilterAsync()
   at Microsoft.AspNetCore.Mvc.RazorPages.Infrastructure.PageActionInvoker.Rethrow(PageHandlerExecutedContext context)
   at Microsoft.AspNetCore.Mvc.RazorPages.Infrastructure.PageActionInvoker.Next(State& next, Scope& scope, Object& state, Boolean& isCompleted)
   at Microsoft.AspNetCore.Mvc.RazorPages.Infrastructure.PageActionInvoker.InvokeInnerFilterAsync()
   at Microsoft.AspNetCore.Mvc.Infrastructure.ResourceInvoker.<InvokeNextResourceFilter>g__Awaited|25_0(ResourceInvoker invoker, Task lastTask, State next, Scope scope, Object state, Boolean isCompleted)
   at Microsoft.AspNetCore.Mvc.Infrastructure.ResourceInvoker.Rethrow(ResourceExecutedContextSealed context)
   at Microsoft.AspNetCore.Mvc.Infrastructure.ResourceInvoker.Next(State& next, Scope& scope, Object& state, Boolean& isCompleted)
   at Microsoft.AspNetCore.Mvc.Infrastructure.ResourceInvoker.<InvokeFilterPipelineAsync>g__Awaited|20_0(ResourceInvoker invoker, Task lastTask, State next, Scope scope, Object state, Boolean isCompleted)
   at Microsoft.AspNetCore.Mvc.Infrastructure.ResourceInvoker.<InvokeAsync>g__Logged|17_1(ResourceInvoker invoker)
   at Microsoft.AspNetCore.Mvc.Infrastructure.ResourceInvoker.<InvokeAsync>g__Logged|17_1(ResourceInvoker invoker)
   at Medical.Client.Middleware.AuthenticationMiddleware.InvokeAsync(HttpContext context) in D:\OtherProjects\MedicalApp\Medical.Client\Middleware\AuthenticationMiddleware.cs:line 53
2025-01-30 16:21:00.159 +02:00 [ERR] An unhandled exception has occurred while executing the request.
Grpc.Core.RpcException: Status(StatusCode="Internal", Detail="Error retrieving doctor schedules")
   at Medical.Client.Services.DoctorServiceGrpc.GetDoctorScheduleAsync(String doctorId, DateTime fromDate, DateTime toDate) in D:\OtherProjects\MedicalApp\Medical.Client\Services\DoctorService.cs:line 138
   at Medical.Client.Models.Schedule.CreateModel.OnGetAsync() in D:\OtherProjects\MedicalApp\Medical.Client\Models\Schedule\CreateModel.cs:line 42
   at Microsoft.AspNetCore.Mvc.RazorPages.Infrastructure.ExecutorFactory.NonGenericTaskHandlerMethod.Execute(Object receiver, Object[] arguments)
   at Microsoft.AspNetCore.Mvc.RazorPages.Infrastructure.PageActionInvoker.InvokeHandlerMethodAsync()
   at Microsoft.AspNetCore.Mvc.RazorPages.Infrastructure.PageActionInvoker.InvokeNextPageFilterAsync()
   at Microsoft.AspNetCore.Mvc.RazorPages.Infrastructure.PageActionInvoker.Rethrow(PageHandlerExecutedContext context)
   at Microsoft.AspNetCore.Mvc.RazorPages.Infrastructure.PageActionInvoker.Next(State& next, Scope& scope, Object& state, Boolean& isCompleted)
   at Microsoft.AspNetCore.Mvc.RazorPages.Infrastructure.PageActionInvoker.InvokeInnerFilterAsync()
   at Microsoft.AspNetCore.Mvc.Infrastructure.ResourceInvoker.<InvokeNextResourceFilter>g__Awaited|25_0(ResourceInvoker invoker, Task lastTask, State next, Scope scope, Object state, Boolean isCompleted)
   at Microsoft.AspNetCore.Mvc.Infrastructure.ResourceInvoker.Rethrow(ResourceExecutedContextSealed context)
   at Microsoft.AspNetCore.Mvc.Infrastructure.ResourceInvoker.Next(State& next, Scope& scope, Object& state, Boolean& isCompleted)
   at Microsoft.AspNetCore.Mvc.Infrastructure.ResourceInvoker.<InvokeFilterPipelineAsync>g__Awaited|20_0(ResourceInvoker invoker, Task lastTask, State next, Scope scope, Object state, Boolean isCompleted)
   at Microsoft.AspNetCore.Mvc.Infrastructure.ResourceInvoker.<InvokeAsync>g__Logged|17_1(ResourceInvoker invoker)
   at Microsoft.AspNetCore.Mvc.Infrastructure.ResourceInvoker.<InvokeAsync>g__Logged|17_1(ResourceInvoker invoker)
   at Medical.Client.Middleware.AuthenticationMiddleware.InvokeAsync(HttpContext context) in D:\OtherProjects\MedicalApp\Medical.Client\Middleware\AuthenticationMiddleware.cs:line 53
   at Microsoft.AspNetCore.Authorization.AuthorizationMiddleware.Invoke(HttpContext context)
   at Microsoft.AspNetCore.Authentication.AuthenticationMiddleware.Invoke(HttpContext context)
   at Microsoft.AspNetCore.Diagnostics.DeveloperExceptionPageMiddlewareImpl.Invoke(HttpContext context)
2025-01-30 16:24:09.275 +02:00 [INF] Starting Medical Client web application
2025-01-30 16:24:11.064 +02:00 [INF] User authenticated: true, Role: Doctor, Path: /
2025-01-30 16:24:11.156 +02:00 [INF] User authenticated: true, Role: Doctor
2025-01-30 16:24:13.461 +02:00 [INF] User authenticated: true, Role: Doctor, Path: /Schedule/Create
2025-01-30 16:24:16.969 +02:00 [INF] Call failed with gRPC error status. Status code: '"Internal"', Message: 'Error retrieving doctor schedules'.
2025-01-30 16:24:16.982 +02:00 [ERR] Error getting schedule for doctor 56efbef5-cb95-4ab8-9ea4-86bf366c6355
Grpc.Core.RpcException: Status(StatusCode="Internal", Detail="Error retrieving doctor schedules")
   at Medical.Client.Services.DoctorServiceGrpc.GetDoctorScheduleAsync(String doctorId, DateTime fromDate, DateTime toDate) in D:\OtherProjects\MedicalApp\Medical.Client\Services\DoctorService.cs:line 138
2025-01-30 16:24:17.005 +02:00 [ERR] Error in authentication middleware
Grpc.Core.RpcException: Status(StatusCode="Internal", Detail="Error retrieving doctor schedules")
   at Medical.Client.Services.DoctorServiceGrpc.GetDoctorScheduleAsync(String doctorId, DateTime fromDate, DateTime toDate) in D:\OtherProjects\MedicalApp\Medical.Client\Services\DoctorService.cs:line 138
   at Medical.Client.Models.Schedule.CreateModel.OnGetAsync() in D:\OtherProjects\MedicalApp\Medical.Client\Models\Schedule\CreateModel.cs:line 42
   at Microsoft.AspNetCore.Mvc.RazorPages.Infrastructure.ExecutorFactory.NonGenericTaskHandlerMethod.Execute(Object receiver, Object[] arguments)
   at Microsoft.AspNetCore.Mvc.RazorPages.Infrastructure.PageActionInvoker.InvokeHandlerMethodAsync()
   at Microsoft.AspNetCore.Mvc.RazorPages.Infrastructure.PageActionInvoker.InvokeNextPageFilterAsync()
   at Microsoft.AspNetCore.Mvc.RazorPages.Infrastructure.PageActionInvoker.Rethrow(PageHandlerExecutedContext context)
   at Microsoft.AspNetCore.Mvc.RazorPages.Infrastructure.PageActionInvoker.Next(State& next, Scope& scope, Object& state, Boolean& isCompleted)
   at Microsoft.AspNetCore.Mvc.RazorPages.Infrastructure.PageActionInvoker.InvokeInnerFilterAsync()
   at Microsoft.AspNetCore.Mvc.Infrastructure.ResourceInvoker.<InvokeNextResourceFilter>g__Awaited|25_0(ResourceInvoker invoker, Task lastTask, State next, Scope scope, Object state, Boolean isCompleted)
   at Microsoft.AspNetCore.Mvc.Infrastructure.ResourceInvoker.Rethrow(ResourceExecutedContextSealed context)
   at Microsoft.AspNetCore.Mvc.Infrastructure.ResourceInvoker.Next(State& next, Scope& scope, Object& state, Boolean& isCompleted)
   at Microsoft.AspNetCore.Mvc.Infrastructure.ResourceInvoker.<InvokeFilterPipelineAsync>g__Awaited|20_0(ResourceInvoker invoker, Task lastTask, State next, Scope scope, Object state, Boolean isCompleted)
   at Microsoft.AspNetCore.Mvc.Infrastructure.ResourceInvoker.<InvokeAsync>g__Logged|17_1(ResourceInvoker invoker)
   at Microsoft.AspNetCore.Mvc.Infrastructure.ResourceInvoker.<InvokeAsync>g__Logged|17_1(ResourceInvoker invoker)
   at Medical.Client.Middleware.AuthenticationMiddleware.InvokeAsync(HttpContext context) in D:\OtherProjects\MedicalApp\Medical.Client\Middleware\AuthenticationMiddleware.cs:line 53
2025-01-30 16:24:17.020 +02:00 [ERR] An unhandled exception has occurred while executing the request.
Grpc.Core.RpcException: Status(StatusCode="Internal", Detail="Error retrieving doctor schedules")
   at Medical.Client.Services.DoctorServiceGrpc.GetDoctorScheduleAsync(String doctorId, DateTime fromDate, DateTime toDate) in D:\OtherProjects\MedicalApp\Medical.Client\Services\DoctorService.cs:line 138
   at Medical.Client.Models.Schedule.CreateModel.OnGetAsync() in D:\OtherProjects\MedicalApp\Medical.Client\Models\Schedule\CreateModel.cs:line 42
   at Microsoft.AspNetCore.Mvc.RazorPages.Infrastructure.ExecutorFactory.NonGenericTaskHandlerMethod.Execute(Object receiver, Object[] arguments)
   at Microsoft.AspNetCore.Mvc.RazorPages.Infrastructure.PageActionInvoker.InvokeHandlerMethodAsync()
   at Microsoft.AspNetCore.Mvc.RazorPages.Infrastructure.PageActionInvoker.InvokeNextPageFilterAsync()
   at Microsoft.AspNetCore.Mvc.RazorPages.Infrastructure.PageActionInvoker.Rethrow(PageHandlerExecutedContext context)
   at Microsoft.AspNetCore.Mvc.RazorPages.Infrastructure.PageActionInvoker.Next(State& next, Scope& scope, Object& state, Boolean& isCompleted)
   at Microsoft.AspNetCore.Mvc.RazorPages.Infrastructure.PageActionInvoker.InvokeInnerFilterAsync()
   at Microsoft.AspNetCore.Mvc.Infrastructure.ResourceInvoker.<InvokeNextResourceFilter>g__Awaited|25_0(ResourceInvoker invoker, Task lastTask, State next, Scope scope, Object state, Boolean isCompleted)
   at Microsoft.AspNetCore.Mvc.Infrastructure.ResourceInvoker.Rethrow(ResourceExecutedContextSealed context)
   at Microsoft.AspNetCore.Mvc.Infrastructure.ResourceInvoker.Next(State& next, Scope& scope, Object& state, Boolean& isCompleted)
   at Microsoft.AspNetCore.Mvc.Infrastructure.ResourceInvoker.<InvokeFilterPipelineAsync>g__Awaited|20_0(ResourceInvoker invoker, Task lastTask, State next, Scope scope, Object state, Boolean isCompleted)
   at Microsoft.AspNetCore.Mvc.Infrastructure.ResourceInvoker.<InvokeAsync>g__Logged|17_1(ResourceInvoker invoker)
   at Microsoft.AspNetCore.Mvc.Infrastructure.ResourceInvoker.<InvokeAsync>g__Logged|17_1(ResourceInvoker invoker)
   at Medical.Client.Middleware.AuthenticationMiddleware.InvokeAsync(HttpContext context) in D:\OtherProjects\MedicalApp\Medical.Client\Middleware\AuthenticationMiddleware.cs:line 53
   at Microsoft.AspNetCore.Authorization.AuthorizationMiddleware.Invoke(HttpContext context)
   at Microsoft.AspNetCore.Authentication.AuthenticationMiddleware.Invoke(HttpContext context)
   at Microsoft.AspNetCore.Diagnostics.DeveloperExceptionPageMiddlewareImpl.Invoke(HttpContext context)
2025-01-30 16:25:53.440 +02:00 [INF] Starting Medical Client web application
2025-01-30 16:25:54.779 +02:00 [INF] User authenticated: true, Role: Doctor, Path: /
2025-01-30 16:25:54.847 +02:00 [INF] User authenticated: true, Role: Doctor
2025-01-30 16:25:56.483 +02:00 [INF] User authenticated: true, Role: Doctor, Path: /Schedule/Create
2025-01-30 16:26:00.858 +02:00 [INF] Call failed with gRPC error status. Status code: '"Unavailable"', Message: 'Error connecting to subchannel.'.
System.Net.Sockets.SocketException (10061): Подключение не установлено, т.к. конечный компьютер отверг запрос на подключение.
   at System.Net.Sockets.Socket.AwaitableSocketAsyncEventArgs.ThrowException(SocketError error, CancellationToken cancellationToken)
   at System.Net.Sockets.Socket.AwaitableSocketAsyncEventArgs.System.Threading.Tasks.Sources.IValueTaskSource.GetResult(Int16 token)
   at System.Net.Sockets.Socket.<ConnectAsync>g__WaitForConnectWithCancellation|285_0(AwaitableSocketAsyncEventArgs saea, ValueTask connectTask, CancellationToken cancellationToken)
   at Grpc.Net.Client.Balancer.Internal.SocketConnectivitySubchannelTransport.TryConnectAsync(ConnectContext context, Int32 attempt)
2025-01-30 16:26:00.880 +02:00 [ERR] Error getting schedule for doctor 56efbef5-cb95-4ab8-9ea4-86bf366c6355
Grpc.Core.RpcException: Status(StatusCode="Unavailable", Detail="Error connecting to subchannel.", DebugException="System.Net.Sockets.SocketException: Подключение не установлено, т.к. конечный компьютер отверг запрос на подключение.")
 ---> System.Net.Sockets.SocketException (10061): Подключение не установлено, т.к. конечный компьютер отверг запрос на подключение.
   at System.Net.Sockets.Socket.AwaitableSocketAsyncEventArgs.ThrowException(SocketError error, CancellationToken cancellationToken)
   at System.Net.Sockets.Socket.AwaitableSocketAsyncEventArgs.System.Threading.Tasks.Sources.IValueTaskSource.GetResult(Int16 token)
   at System.Net.Sockets.Socket.<ConnectAsync>g__WaitForConnectWithCancellation|285_0(AwaitableSocketAsyncEventArgs saea, ValueTask connectTask, CancellationToken cancellationToken)
   at Grpc.Net.Client.Balancer.Internal.SocketConnectivitySubchannelTransport.TryConnectAsync(ConnectContext context, Int32 attempt)
   --- End of inner exception stack trace ---
   at Grpc.Net.Client.Balancer.Internal.ConnectionManager.PickAsync(PickContext context, Boolean waitForReady, CancellationToken cancellationToken)
   at Grpc.Net.Client.Balancer.Internal.BalancerHttpHandler.SendAsync(HttpRequestMessage request, CancellationToken cancellationToken)
   at Grpc.Net.Client.Internal.GrpcCall`2.RunCall(HttpRequestMessage request, Nullable`1 timeout)
   at Medical.Client.Services.DoctorServiceGrpc.GetDoctorScheduleAsync(String doctorId, DateTime fromDate, DateTime toDate) in D:\OtherProjects\MedicalApp\Medical.Client\Services\DoctorService.cs:line 138
2025-01-30 16:26:00.899 +02:00 [ERR] Error in authentication middleware
Grpc.Core.RpcException: Status(StatusCode="Unavailable", Detail="Error connecting to subchannel.", DebugException="System.Net.Sockets.SocketException: Подключение не установлено, т.к. конечный компьютер отверг запрос на подключение.")
 ---> System.Net.Sockets.SocketException (10061): Подключение не установлено, т.к. конечный компьютер отверг запрос на подключение.
   at System.Net.Sockets.Socket.AwaitableSocketAsyncEventArgs.ThrowException(SocketError error, CancellationToken cancellationToken)
   at System.Net.Sockets.Socket.AwaitableSocketAsyncEventArgs.System.Threading.Tasks.Sources.IValueTaskSource.GetResult(Int16 token)
   at System.Net.Sockets.Socket.<ConnectAsync>g__WaitForConnectWithCancellation|285_0(AwaitableSocketAsyncEventArgs saea, ValueTask connectTask, CancellationToken cancellationToken)
   at Grpc.Net.Client.Balancer.Internal.SocketConnectivitySubchannelTransport.TryConnectAsync(ConnectContext context, Int32 attempt)
   --- End of inner exception stack trace ---
   at Grpc.Net.Client.Balancer.Internal.ConnectionManager.PickAsync(PickContext context, Boolean waitForReady, CancellationToken cancellationToken)
   at Grpc.Net.Client.Balancer.Internal.BalancerHttpHandler.SendAsync(HttpRequestMessage request, CancellationToken cancellationToken)
   at Grpc.Net.Client.Internal.GrpcCall`2.RunCall(HttpRequestMessage request, Nullable`1 timeout)
   at Medical.Client.Services.DoctorServiceGrpc.GetDoctorScheduleAsync(String doctorId, DateTime fromDate, DateTime toDate) in D:\OtherProjects\MedicalApp\Medical.Client\Services\DoctorService.cs:line 138
   at Medical.Client.Models.Schedule.CreateModel.OnGetAsync() in D:\OtherProjects\MedicalApp\Medical.Client\Models\Schedule\CreateModel.cs:line 42
   at Microsoft.AspNetCore.Mvc.RazorPages.Infrastructure.ExecutorFactory.NonGenericTaskHandlerMethod.Execute(Object receiver, Object[] arguments)
   at Microsoft.AspNetCore.Mvc.RazorPages.Infrastructure.PageActionInvoker.InvokeHandlerMethodAsync()
   at Microsoft.AspNetCore.Mvc.RazorPages.Infrastructure.PageActionInvoker.InvokeNextPageFilterAsync()
   at Microsoft.AspNetCore.Mvc.RazorPages.Infrastructure.PageActionInvoker.Rethrow(PageHandlerExecutedContext context)
   at Microsoft.AspNetCore.Mvc.RazorPages.Infrastructure.PageActionInvoker.Next(State& next, Scope& scope, Object& state, Boolean& isCompleted)
   at Microsoft.AspNetCore.Mvc.RazorPages.Infrastructure.PageActionInvoker.InvokeInnerFilterAsync()
   at Microsoft.AspNetCore.Mvc.Infrastructure.ResourceInvoker.<InvokeNextResourceFilter>g__Awaited|25_0(ResourceInvoker invoker, Task lastTask, State next, Scope scope, Object state, Boolean isCompleted)
   at Microsoft.AspNetCore.Mvc.Infrastructure.ResourceInvoker.Rethrow(ResourceExecutedContextSealed context)
   at Microsoft.AspNetCore.Mvc.Infrastructure.ResourceInvoker.Next(State& next, Scope& scope, Object& state, Boolean& isCompleted)
   at Microsoft.AspNetCore.Mvc.Infrastructure.ResourceInvoker.<InvokeFilterPipelineAsync>g__Awaited|20_0(ResourceInvoker invoker, Task lastTask, State next, Scope scope, Object state, Boolean isCompleted)
   at Microsoft.AspNetCore.Mvc.Infrastructure.ResourceInvoker.<InvokeAsync>g__Logged|17_1(ResourceInvoker invoker)
   at Microsoft.AspNetCore.Mvc.Infrastructure.ResourceInvoker.<InvokeAsync>g__Logged|17_1(ResourceInvoker invoker)
   at Medical.Client.Middleware.AuthenticationMiddleware.InvokeAsync(HttpContext context) in D:\OtherProjects\MedicalApp\Medical.Client\Middleware\AuthenticationMiddleware.cs:line 53
2025-01-30 16:26:00.917 +02:00 [ERR] An unhandled exception has occurred while executing the request.
Grpc.Core.RpcException: Status(StatusCode="Unavailable", Detail="Error connecting to subchannel.", DebugException="System.Net.Sockets.SocketException: Подключение не установлено, т.к. конечный компьютер отверг запрос на подключение.")
 ---> System.Net.Sockets.SocketException (10061): Подключение не установлено, т.к. конечный компьютер отверг запрос на подключение.
   at System.Net.Sockets.Socket.AwaitableSocketAsyncEventArgs.ThrowException(SocketError error, CancellationToken cancellationToken)
   at System.Net.Sockets.Socket.AwaitableSocketAsyncEventArgs.System.Threading.Tasks.Sources.IValueTaskSource.GetResult(Int16 token)
   at System.Net.Sockets.Socket.<ConnectAsync>g__WaitForConnectWithCancellation|285_0(AwaitableSocketAsyncEventArgs saea, ValueTask connectTask, CancellationToken cancellationToken)
   at Grpc.Net.Client.Balancer.Internal.SocketConnectivitySubchannelTransport.TryConnectAsync(ConnectContext context, Int32 attempt)
   --- End of inner exception stack trace ---
   at Grpc.Net.Client.Balancer.Internal.ConnectionManager.PickAsync(PickContext context, Boolean waitForReady, CancellationToken cancellationToken)
   at Grpc.Net.Client.Balancer.Internal.BalancerHttpHandler.SendAsync(HttpRequestMessage request, CancellationToken cancellationToken)
   at Grpc.Net.Client.Internal.GrpcCall`2.RunCall(HttpRequestMessage request, Nullable`1 timeout)
   at Medical.Client.Services.DoctorServiceGrpc.GetDoctorScheduleAsync(String doctorId, DateTime fromDate, DateTime toDate) in D:\OtherProjects\MedicalApp\Medical.Client\Services\DoctorService.cs:line 138
   at Medical.Client.Models.Schedule.CreateModel.OnGetAsync() in D:\OtherProjects\MedicalApp\Medical.Client\Models\Schedule\CreateModel.cs:line 42
   at Microsoft.AspNetCore.Mvc.RazorPages.Infrastructure.ExecutorFactory.NonGenericTaskHandlerMethod.Execute(Object receiver, Object[] arguments)
   at Microsoft.AspNetCore.Mvc.RazorPages.Infrastructure.PageActionInvoker.InvokeHandlerMethodAsync()
   at Microsoft.AspNetCore.Mvc.RazorPages.Infrastructure.PageActionInvoker.InvokeNextPageFilterAsync()
   at Microsoft.AspNetCore.Mvc.RazorPages.Infrastructure.PageActionInvoker.Rethrow(PageHandlerExecutedContext context)
   at Microsoft.AspNetCore.Mvc.RazorPages.Infrastructure.PageActionInvoker.Next(State& next, Scope& scope, Object& state, Boolean& isCompleted)
   at Microsoft.AspNetCore.Mvc.RazorPages.Infrastructure.PageActionInvoker.InvokeInnerFilterAsync()
   at Microsoft.AspNetCore.Mvc.Infrastructure.ResourceInvoker.<InvokeNextResourceFilter>g__Awaited|25_0(ResourceInvoker invoker, Task lastTask, State next, Scope scope, Object state, Boolean isCompleted)
   at Microsoft.AspNetCore.Mvc.Infrastructure.ResourceInvoker.Rethrow(ResourceExecutedContextSealed context)
   at Microsoft.AspNetCore.Mvc.Infrastructure.ResourceInvoker.Next(State& next, Scope& scope, Object& state, Boolean& isCompleted)
   at Microsoft.AspNetCore.Mvc.Infrastructure.ResourceInvoker.<InvokeFilterPipelineAsync>g__Awaited|20_0(ResourceInvoker invoker, Task lastTask, State next, Scope scope, Object state, Boolean isCompleted)
   at Microsoft.AspNetCore.Mvc.Infrastructure.ResourceInvoker.<InvokeAsync>g__Logged|17_1(ResourceInvoker invoker)
   at Microsoft.AspNetCore.Mvc.Infrastructure.ResourceInvoker.<InvokeAsync>g__Logged|17_1(ResourceInvoker invoker)
   at Medical.Client.Middleware.AuthenticationMiddleware.InvokeAsync(HttpContext context) in D:\OtherProjects\MedicalApp\Medical.Client\Middleware\AuthenticationMiddleware.cs:line 53
   at Microsoft.AspNetCore.Authorization.AuthorizationMiddleware.Invoke(HttpContext context)
   at Microsoft.AspNetCore.Authentication.AuthenticationMiddleware.Invoke(HttpContext context)
   at Microsoft.AspNetCore.Diagnostics.DeveloperExceptionPageMiddlewareImpl.Invoke(HttpContext context)
2025-01-30 16:26:27.405 +02:00 [INF] Starting Medical Client web application
2025-01-30 16:26:28.688 +02:00 [INF] User authenticated: true, Role: Doctor, Path: /
2025-01-30 16:26:28.753 +02:00 [INF] User authenticated: true, Role: Doctor
2025-01-30 16:26:32.060 +02:00 [INF] User authenticated: true, Role: Doctor, Path: /Schedule/Create
2025-01-30 16:26:33.804 +02:00 [INF] Call failed with gRPC error status. Status code: '"Internal"', Message: 'Error retrieving doctor schedules'.
2025-01-30 16:26:33.820 +02:00 [ERR] Error getting schedule for doctor 56efbef5-cb95-4ab8-9ea4-86bf366c6355
Grpc.Core.RpcException: Status(StatusCode="Internal", Detail="Error retrieving doctor schedules")
   at Medical.Client.Services.DoctorServiceGrpc.GetDoctorScheduleAsync(String doctorId, DateTime fromDate, DateTime toDate) in D:\OtherProjects\MedicalApp\Medical.Client\Services\DoctorService.cs:line 138
2025-01-30 16:26:33.847 +02:00 [ERR] Error in authentication middleware
Grpc.Core.RpcException: Status(StatusCode="Internal", Detail="Error retrieving doctor schedules")
   at Medical.Client.Services.DoctorServiceGrpc.GetDoctorScheduleAsync(String doctorId, DateTime fromDate, DateTime toDate) in D:\OtherProjects\MedicalApp\Medical.Client\Services\DoctorService.cs:line 138
   at Medical.Client.Models.Schedule.CreateModel.OnGetAsync() in D:\OtherProjects\MedicalApp\Medical.Client\Models\Schedule\CreateModel.cs:line 42
   at Microsoft.AspNetCore.Mvc.RazorPages.Infrastructure.ExecutorFactory.NonGenericTaskHandlerMethod.Execute(Object receiver, Object[] arguments)
   at Microsoft.AspNetCore.Mvc.RazorPages.Infrastructure.PageActionInvoker.InvokeHandlerMethodAsync()
   at Microsoft.AspNetCore.Mvc.RazorPages.Infrastructure.PageActionInvoker.InvokeNextPageFilterAsync()
   at Microsoft.AspNetCore.Mvc.RazorPages.Infrastructure.PageActionInvoker.Rethrow(PageHandlerExecutedContext context)
   at Microsoft.AspNetCore.Mvc.RazorPages.Infrastructure.PageActionInvoker.Next(State& next, Scope& scope, Object& state, Boolean& isCompleted)
   at Microsoft.AspNetCore.Mvc.RazorPages.Infrastructure.PageActionInvoker.InvokeInnerFilterAsync()
   at Microsoft.AspNetCore.Mvc.Infrastructure.ResourceInvoker.<InvokeNextResourceFilter>g__Awaited|25_0(ResourceInvoker invoker, Task lastTask, State next, Scope scope, Object state, Boolean isCompleted)
   at Microsoft.AspNetCore.Mvc.Infrastructure.ResourceInvoker.Rethrow(ResourceExecutedContextSealed context)
   at Microsoft.AspNetCore.Mvc.Infrastructure.ResourceInvoker.Next(State& next, Scope& scope, Object& state, Boolean& isCompleted)
   at Microsoft.AspNetCore.Mvc.Infrastructure.ResourceInvoker.<InvokeFilterPipelineAsync>g__Awaited|20_0(ResourceInvoker invoker, Task lastTask, State next, Scope scope, Object state, Boolean isCompleted)
   at Microsoft.AspNetCore.Mvc.Infrastructure.ResourceInvoker.<InvokeAsync>g__Logged|17_1(ResourceInvoker invoker)
   at Microsoft.AspNetCore.Mvc.Infrastructure.ResourceInvoker.<InvokeAsync>g__Logged|17_1(ResourceInvoker invoker)
   at Medical.Client.Middleware.AuthenticationMiddleware.InvokeAsync(HttpContext context) in D:\OtherProjects\MedicalApp\Medical.Client\Middleware\AuthenticationMiddleware.cs:line 53
2025-01-30 16:26:33.864 +02:00 [ERR] An unhandled exception has occurred while executing the request.
Grpc.Core.RpcException: Status(StatusCode="Internal", Detail="Error retrieving doctor schedules")
   at Medical.Client.Services.DoctorServiceGrpc.GetDoctorScheduleAsync(String doctorId, DateTime fromDate, DateTime toDate) in D:\OtherProjects\MedicalApp\Medical.Client\Services\DoctorService.cs:line 138
   at Medical.Client.Models.Schedule.CreateModel.OnGetAsync() in D:\OtherProjects\MedicalApp\Medical.Client\Models\Schedule\CreateModel.cs:line 42
   at Microsoft.AspNetCore.Mvc.RazorPages.Infrastructure.ExecutorFactory.NonGenericTaskHandlerMethod.Execute(Object receiver, Object[] arguments)
   at Microsoft.AspNetCore.Mvc.RazorPages.Infrastructure.PageActionInvoker.InvokeHandlerMethodAsync()
   at Microsoft.AspNetCore.Mvc.RazorPages.Infrastructure.PageActionInvoker.InvokeNextPageFilterAsync()
   at Microsoft.AspNetCore.Mvc.RazorPages.Infrastructure.PageActionInvoker.Rethrow(PageHandlerExecutedContext context)
   at Microsoft.AspNetCore.Mvc.RazorPages.Infrastructure.PageActionInvoker.Next(State& next, Scope& scope, Object& state, Boolean& isCompleted)
   at Microsoft.AspNetCore.Mvc.RazorPages.Infrastructure.PageActionInvoker.InvokeInnerFilterAsync()
   at Microsoft.AspNetCore.Mvc.Infrastructure.ResourceInvoker.<InvokeNextResourceFilter>g__Awaited|25_0(ResourceInvoker invoker, Task lastTask, State next, Scope scope, Object state, Boolean isCompleted)
   at Microsoft.AspNetCore.Mvc.Infrastructure.ResourceInvoker.Rethrow(ResourceExecutedContextSealed context)
   at Microsoft.AspNetCore.Mvc.Infrastructure.ResourceInvoker.Next(State& next, Scope& scope, Object& state, Boolean& isCompleted)
   at Microsoft.AspNetCore.Mvc.Infrastructure.ResourceInvoker.<InvokeFilterPipelineAsync>g__Awaited|20_0(ResourceInvoker invoker, Task lastTask, State next, Scope scope, Object state, Boolean isCompleted)
   at Microsoft.AspNetCore.Mvc.Infrastructure.ResourceInvoker.<InvokeAsync>g__Logged|17_1(ResourceInvoker invoker)
   at Microsoft.AspNetCore.Mvc.Infrastructure.ResourceInvoker.<InvokeAsync>g__Logged|17_1(ResourceInvoker invoker)
   at Medical.Client.Middleware.AuthenticationMiddleware.InvokeAsync(HttpContext context) in D:\OtherProjects\MedicalApp\Medical.Client\Middleware\AuthenticationMiddleware.cs:line 53
   at Microsoft.AspNetCore.Authorization.AuthorizationMiddleware.Invoke(HttpContext context)
   at Microsoft.AspNetCore.Authentication.AuthenticationMiddleware.Invoke(HttpContext context)
   at Microsoft.AspNetCore.Diagnostics.DeveloperExceptionPageMiddlewareImpl.Invoke(HttpContext context)
2025-01-30 16:28:19.949 +02:00 [INF] Starting Medical Client web application
2025-01-30 16:28:21.202 +02:00 [INF] User authenticated: true, Role: Doctor, Path: /
2025-01-30 16:28:21.266 +02:00 [INF] User authenticated: true, Role: Doctor
2025-01-30 16:28:23.956 +02:00 [INF] User authenticated: true, Role: Doctor, Path: /Schedule/Create
2025-01-30 16:28:38.313 +02:00 [INF] User authenticated: true, Role: Doctor, Path: /Schedule/Create
2025-01-30 16:28:38.386 +02:00 [INF] Creating schedule - DoctorId: 56efbef5-cb95-4ab8-9ea4-86bf366c6355, Day: 3, Start: "09:00:00", End: "17:00:00", ValidFrom: "2025-01-30T00:00:00.0000000", ValidTo: "2025-04-30T00:00:00.0000000"
2025-01-30 16:28:39.585 +02:00 [INF] Schedule created successfully for doctor 56efbef5-cb95-4ab8-9ea4-86bf366c6355
2025-01-30 16:28:39.610 +02:00 [INF] User authenticated: true, Role: Doctor, Path: /Schedule
2025-01-30 16:28:58.824 +02:00 [INF] User authenticated: true, Role: Doctor, Path: /Schedule
2025-01-30 16:41:26.571 +02:00 [INF] Starting Medical Client web application
2025-01-30 16:41:27.996 +02:00 [INF] User authenticated: true, Role: Doctor, Path: /
2025-01-30 16:41:28.048 +02:00 [INF] User authenticated: true, Role: Doctor
2025-01-30 16:41:43.568 +02:00 [INF] User authenticated: true, Role: Doctor, Path: /Schedule
2025-01-30 16:41:55.762 +02:00 [INF] User authenticated: true, Role: Doctor, Path: /Schedule
2025-01-30 16:41:58.897 +02:00 [INF] User authenticated: true, Role: Doctor, Path: /Schedule
2025-01-30 16:42:12.075 +02:00 [INF] User authenticated: true, Role: Doctor, Path: /Schedule
2025-01-30 16:42:15.584 +02:00 [INF] User authenticated: true, Role: Doctor, Path: /Schedule
2025-01-30 16:45:03.616 +02:00 [INF] Starting Medical Client web application
2025-01-30 16:45:05.077 +02:00 [INF] User authenticated: true, Role: Doctor, Path: /
2025-01-30 16:45:05.124 +02:00 [INF] User authenticated: true, Role: Doctor
2025-01-30 16:45:08.456 +02:00 [INF] User authenticated: true, Role: Doctor, Path: /Schedule/Create
2025-01-30 16:45:19.972 +02:00 [INF] User authenticated: true, Role: Doctor, Path: /Schedule
2025-01-30 16:45:19.986 +02:00 [INF] Getting schedules for doctor 56efbef5-cb95-4ab8-9ea4-86bf366c6355 from 2025-01-30 to 2025-02-28
2025-01-30 16:45:21.943 +02:00 [INF] User authenticated: true, Role: Doctor, Path: /Schedule
2025-01-30 16:45:22.008 +02:00 [INF] Getting schedules for doctor 56efbef5-cb95-4ab8-9ea4-86bf366c6355 from 2025-01-30 to 2025-02-28
2025-01-30 16:45:30.513 +02:00 [INF] User authenticated: true, Role: Doctor, Path: /Schedule
2025-01-30 16:45:30.519 +02:00 [INF] Getting schedules for doctor 56efbef5-cb95-4ab8-9ea4-86bf366c6355 from 2025-01-30 to 2025-02-28
2025-01-30 16:45:30.903 +02:00 [INF] User authenticated: true, Role: Doctor, Path: /Schedule
2025-01-30 16:45:30.907 +02:00 [INF] Getting schedules for doctor 56efbef5-cb95-4ab8-9ea4-86bf366c6355 from 2025-01-30 to 2025-02-28
2025-01-30 16:45:31.728 +02:00 [INF] User authenticated: true, Role: Doctor, Path: /Schedule
2025-01-30 16:45:31.731 +02:00 [INF] Getting schedules for doctor 56efbef5-cb95-4ab8-9ea4-86bf366c6355 from 2025-01-30 to 2025-02-28
2025-01-30 16:45:32.266 +02:00 [INF] User authenticated: true, Role: Doctor, Path: /Schedule
2025-01-30 16:45:32.272 +02:00 [INF] Getting schedules for doctor 56efbef5-cb95-4ab8-9ea4-86bf366c6355 from 2025-01-30 to 2025-02-28
2025-01-30 16:45:32.668 +02:00 [INF] User authenticated: true, Role: Doctor, Path: /Schedule
2025-01-30 16:45:32.671 +02:00 [INF] Getting schedules for doctor 56efbef5-cb95-4ab8-9ea4-86bf366c6355 from 2025-01-30 to 2025-02-28
2025-01-30 16:45:33.150 +02:00 [INF] User authenticated: true, Role: Doctor, Path: /Schedule
2025-01-30 16:45:33.154 +02:00 [INF] Getting schedules for doctor 56efbef5-cb95-4ab8-9ea4-86bf366c6355 from 2025-01-30 to 2025-02-28
2025-01-30 16:49:22.681 +02:00 [INF] Starting Medical Client web application
2025-01-30 16:49:23.737 +02:00 [INF] User authenticated: true, Role: Doctor, Path: /
2025-01-30 16:49:23.787 +02:00 [INF] User authenticated: true, Role: Doctor
2025-01-30 16:49:25.987 +02:00 [INF] User authenticated: true, Role: Doctor, Path: /Schedule
2025-01-30 16:49:26.104 +02:00 [INF] Getting schedules for doctor 56efbef5-cb95-4ab8-9ea4-86bf366c6355 from 2025-01-30 to 2025-02-28
2025-01-30 16:49:32.384 +02:00 [INF] User authenticated: true, Role: Doctor, Path: /Schedule
2025-01-30 16:49:32.417 +02:00 [INF] Getting schedules for doctor 56efbef5-cb95-4ab8-9ea4-86bf366c6355 from 2025-01-30 to 2025-02-28
2025-01-30 16:49:33.327 +02:00 [INF] User authenticated: true, Role: Doctor, Path: /Schedule
2025-01-30 16:49:33.334 +02:00 [INF] Getting schedules for doctor 56efbef5-cb95-4ab8-9ea4-86bf366c6355 from 2025-01-30 to 2025-02-28
2025-01-30 16:49:33.704 +02:00 [INF] User authenticated: true, Role: Doctor, Path: /Schedule
2025-01-30 16:49:33.709 +02:00 [INF] Getting schedules for doctor 56efbef5-cb95-4ab8-9ea4-86bf366c6355 from 2025-01-30 to 2025-02-28
2025-01-30 16:49:34.052 +02:00 [INF] User authenticated: true, Role: Doctor, Path: /Schedule
2025-01-30 16:49:34.056 +02:00 [INF] Getting schedules for doctor 56efbef5-cb95-4ab8-9ea4-86bf366c6355 from 2025-01-30 to 2025-02-28
2025-01-30 16:49:35.756 +02:00 [INF] User authenticated: true, Role: Doctor, Path: /Schedule/Create
2025-01-30 16:49:42.038 +02:00 [INF] User authenticated: true, Role: Doctor, Path: /Schedule/Create
2025-01-30 16:49:46.080 +02:00 [INF] User authenticated: true, Role: Doctor, Path: /Schedule
2025-01-30 16:49:46.083 +02:00 [INF] Getting schedules for doctor 56efbef5-cb95-4ab8-9ea4-86bf366c6355 from 2025-01-30 to 2025-02-28
2025-01-30 16:49:48.437 +02:00 [INF] User authenticated: true, Role: Doctor, Path: /Schedule/Create
2025-01-30 16:49:51.451 +02:00 [INF] User authenticated: true, Role: Doctor, Path: /Schedule/Create
2025-01-30 16:49:51.462 +02:00 [INF] Creating schedule - DoctorId: 56efbef5-cb95-4ab8-9ea4-86bf366c6355, Day: 0, Start: "09:00:00", End: "17:00:00", ValidFrom: "2025-01-30T00:00:00.0000000", ValidTo: "2025-04-30T00:00:00.0000000"
2025-01-30 16:49:52.357 +02:00 [INF] Schedule created successfully for doctor 56efbef5-cb95-4ab8-9ea4-86bf366c6355
2025-01-30 16:49:52.375 +02:00 [INF] User authenticated: true, Role: Doctor, Path: /Schedule
2025-01-30 16:49:52.380 +02:00 [INF] Getting schedules for doctor 56efbef5-cb95-4ab8-9ea4-86bf366c6355 from 2025-01-30 to 2025-02-28
2025-01-30 16:50:18.060 +02:00 [INF] Starting Medical Client web application
2025-01-30 16:50:19.526 +02:00 [INF] User authenticated: true, Role: Doctor, Path: /
2025-01-30 16:50:19.580 +02:00 [INF] User authenticated: true, Role: Doctor
2025-01-30 16:50:21.966 +02:00 [INF] User authenticated: true, Role: Doctor, Path: /Schedule
2025-01-30 16:50:22.080 +02:00 [INF] Getting schedules for doctor 56efbef5-cb95-4ab8-9ea4-86bf366c6355 from 2025-01-30 to 2025-02-28
2025-01-30 16:50:26.316 +02:00 [INF] Call failed with gRPC error status. Status code: '"Unavailable"', Message: 'Error connecting to subchannel.'.
System.Net.Sockets.SocketException (10061): Подключение не установлено, т.к. конечный компьютер отверг запрос на подключение.
   at System.Net.Sockets.Socket.AwaitableSocketAsyncEventArgs.ThrowException(SocketError error, CancellationToken cancellationToken)
   at System.Net.Sockets.Socket.AwaitableSocketAsyncEventArgs.System.Threading.Tasks.Sources.IValueTaskSource.GetResult(Int16 token)
   at System.Net.Sockets.Socket.<ConnectAsync>g__WaitForConnectWithCancellation|285_0(AwaitableSocketAsyncEventArgs saea, ValueTask connectTask, CancellationToken cancellationToken)
   at Grpc.Net.Client.Balancer.Internal.SocketConnectivitySubchannelTransport.TryConnectAsync(ConnectContext context, Int32 attempt)
2025-01-30 16:50:26.341 +02:00 [ERR] Error getting schedule for doctor 56efbef5-cb95-4ab8-9ea4-86bf366c6355
Grpc.Core.RpcException: Status(StatusCode="Unavailable", Detail="Error connecting to subchannel.", DebugException="System.Net.Sockets.SocketException: Подключение не установлено, т.к. конечный компьютер отверг запрос на подключение.")
 ---> System.Net.Sockets.SocketException (10061): Подключение не установлено, т.к. конечный компьютер отверг запрос на подключение.
   at System.Net.Sockets.Socket.AwaitableSocketAsyncEventArgs.ThrowException(SocketError error, CancellationToken cancellationToken)
   at System.Net.Sockets.Socket.AwaitableSocketAsyncEventArgs.System.Threading.Tasks.Sources.IValueTaskSource.GetResult(Int16 token)
   at System.Net.Sockets.Socket.<ConnectAsync>g__WaitForConnectWithCancellation|285_0(AwaitableSocketAsyncEventArgs saea, ValueTask connectTask, CancellationToken cancellationToken)
   at Grpc.Net.Client.Balancer.Internal.SocketConnectivitySubchannelTransport.TryConnectAsync(ConnectContext context, Int32 attempt)
   --- End of inner exception stack trace ---
   at Grpc.Net.Client.Balancer.Internal.ConnectionManager.PickAsync(PickContext context, Boolean waitForReady, CancellationToken cancellationToken)
   at Grpc.Net.Client.Balancer.Internal.BalancerHttpHandler.SendAsync(HttpRequestMessage request, CancellationToken cancellationToken)
   at Grpc.Net.Client.Internal.GrpcCall`2.RunCall(HttpRequestMessage request, Nullable`1 timeout)
   at Medical.Client.Services.DoctorServiceGrpc.GetDoctorScheduleAsync(String doctorId, DateTime fromDate, DateTime toDate) in D:\OtherProjects\MedicalApp\Medical.Client\Services\DoctorService.cs:line 138
2025-01-30 16:50:26.354 +02:00 [ERR] Error loading schedules
Grpc.Core.RpcException: Status(StatusCode="Unavailable", Detail="Error connecting to subchannel.", DebugException="System.Net.Sockets.SocketException: Подключение не установлено, т.к. конечный компьютер отверг запрос на подключение.")
 ---> System.Net.Sockets.SocketException (10061): Подключение не установлено, т.к. конечный компьютер отверг запрос на подключение.
   at System.Net.Sockets.Socket.AwaitableSocketAsyncEventArgs.ThrowException(SocketError error, CancellationToken cancellationToken)
   at System.Net.Sockets.Socket.AwaitableSocketAsyncEventArgs.System.Threading.Tasks.Sources.IValueTaskSource.GetResult(Int16 token)
   at System.Net.Sockets.Socket.<ConnectAsync>g__WaitForConnectWithCancellation|285_0(AwaitableSocketAsyncEventArgs saea, ValueTask connectTask, CancellationToken cancellationToken)
   at Grpc.Net.Client.Balancer.Internal.SocketConnectivitySubchannelTransport.TryConnectAsync(ConnectContext context, Int32 attempt)
   --- End of inner exception stack trace ---
   at Grpc.Net.Client.Balancer.Internal.ConnectionManager.PickAsync(PickContext context, Boolean waitForReady, CancellationToken cancellationToken)
   at Grpc.Net.Client.Balancer.Internal.BalancerHttpHandler.SendAsync(HttpRequestMessage request, CancellationToken cancellationToken)
   at Grpc.Net.Client.Internal.GrpcCall`2.RunCall(HttpRequestMessage request, Nullable`1 timeout)
   at Medical.Client.Services.DoctorServiceGrpc.GetDoctorScheduleAsync(String doctorId, DateTime fromDate, DateTime toDate) in D:\OtherProjects\MedicalApp\Medical.Client\Services\DoctorService.cs:line 138
   at Medical.Client.Models.Schedule.IndexModel.OnGetAsync() in D:\OtherProjects\MedicalApp\Medical.Client\Models\Schedule\IndexModel.cs:line 50
2025-01-30 16:50:44.475 +02:00 [INF] Starting Medical Client web application
2025-01-30 16:50:46.101 +02:00 [INF] User authenticated: true, Role: Doctor, Path: /
2025-01-30 16:50:46.167 +02:00 [INF] User authenticated: true, Role: Doctor
2025-01-30 16:50:50.100 +02:00 [INF] User authenticated: true, Role: Doctor, Path: /Schedule
2025-01-30 16:50:50.265 +02:00 [INF] Getting schedules for doctor 56efbef5-cb95-4ab8-9ea4-86bf366c6355 from 2025-01-30 to 2025-02-28
2025-01-30 16:52:30.214 +02:00 [INF] User authenticated: true, Role: Doctor, Path: /Schedule/Create
2025-01-30 16:53:39.835 +02:00 [INF] User authenticated: true, Role: Doctor, Path: /Schedule
2025-01-30 16:53:39.843 +02:00 [INF] Getting schedules for doctor 56efbef5-cb95-4ab8-9ea4-86bf366c6355 from 2025-01-30 to 2025-02-28
2025-01-30 16:58:04.434 +02:00 [INF] Starting Medical Client web application
2025-01-30 16:58:05.508 +02:00 [INF] User authenticated: true, Role: Doctor, Path: /
2025-01-30 16:58:05.567 +02:00 [INF] User authenticated: true, Role: Doctor
2025-01-30 16:58:07.517 +02:00 [INF] User authenticated: true, Role: Doctor, Path: /Schedule/Create
2025-01-30 16:58:12.728 +02:00 [INF] User authenticated: true, Role: Doctor, Path: /Schedule
2025-01-30 16:58:12.744 +02:00 [INF] Getting schedules for doctor 56efbef5-cb95-4ab8-9ea4-86bf366c6355 from 2025-01-30 to 2025-02-28
2025-01-30 16:58:16.063 +02:00 [INF] User authenticated: true, Role: Doctor, Path: /Schedule/Create
2025-01-30 16:58:21.762 +02:00 [INF] User authenticated: true, Role: Doctor, Path: /Schedule/Create
2025-01-30 16:58:21.828 +02:00 [INF] Creating schedule - DayOfWeek: 5, StartTime: "09:00:00", EndTime: "17:00:00"
2025-01-30 16:58:21.833 +02:00 [ERR] Error creating schedule
System.ArgumentException: Conversion from DateTime to Timestamp requires the DateTime kind to be Utc (Parameter 'dateTime')
   at Google.Protobuf.WellKnownTypes.Timestamp.FromDateTime(DateTime dateTime)
   at Medical.Client.Models.Schedule.CreateModel.OnPostAsync() in D:\OtherProjects\MedicalApp\Medical.Client\Models\Schedule\CreateModel.cs:line 78
2025-01-30 17:00:15.331 +02:00 [INF] Starting Medical Client web application
2025-01-30 17:00:16.456 +02:00 [INF] User authenticated: true, Role: Doctor, Path: /
2025-01-30 17:00:16.508 +02:00 [INF] User authenticated: true, Role: Doctor
2025-01-30 17:00:18.315 +02:00 [INF] User authenticated: true, Role: Doctor, Path: /Schedule/Create
2025-01-30 17:00:32.785 +02:00 [INF] User authenticated: true, Role: Doctor, Path: /Schedule/Create
2025-01-30 17:00:35.893 +02:00 [INF] User authenticated: true, Role: Doctor, Path: /Schedule/Create
2025-01-30 17:00:35.908 +02:00 [INF] Creating schedule - DayOfWeek: 5, StartTime: "09:00:00", EndTime: "17:00:00"
2025-01-30 17:00:35.915 +02:00 [INF] UTC Schedule - Day: 5, Start: "2025-01-30T07:00:00.0000000Z", End: "2025-01-30T15:00:00.0000000Z", From: "2025-01-29T22:00:00.0000000Z", To: "2025-12-29T22:00:00.0000000Z"
2025-01-30 17:00:37.302 +02:00 [INF] User authenticated: true, Role: Doctor, Path: /Schedule
2025-01-30 17:00:37.312 +02:00 [INF] Getting schedules for doctor 56efbef5-cb95-4ab8-9ea4-86bf366c6355 from 2025-01-30 to 2025-02-28
2025-01-30 17:16:36.538 +02:00 [INF] Starting Medical Client web application
2025-01-30 17:16:38.464 +02:00 [INF] User authenticated: true, Role: Doctor, Path: /
2025-01-30 17:16:38.510 +02:00 [INF] User authenticated: true, Role: Doctor
2025-01-30 17:16:41.934 +02:00 [INF] User authenticated: true, Role: Doctor, Path: /Schedule/Create
2025-01-30 17:16:58.112 +02:00 [INF] User authenticated: true, Role: Doctor, Path: /Schedule/Create
2025-01-30 17:16:58.173 +02:00 [INF] Creating schedule - DayOfWeek: 2, StartTime: "09:00:00", EndTime: "17:00:00"
2025-01-30 17:16:59.381 +02:00 [INF] User authenticated: true, Role: Doctor, Path: /Schedule
2025-01-30 17:16:59.401 +02:00 [INF] Getting schedules for doctor 56efbef5-cb95-4ab8-9ea4-86bf366c6355 from 2025-01-30 to 2025-02-28
2025-01-30 17:22:58.268 +02:00 [INF] Starting Medical Client web application
2025-01-30 17:22:59.523 +02:00 [INF] User authenticated: true, Role: Doctor, Path: /
2025-01-30 17:22:59.580 +02:00 [INF] User authenticated: true, Role: Doctor
2025-01-30 17:23:01.586 +02:00 [INF] User authenticated: true, Role: Doctor, Path: /Schedule
2025-01-30 17:23:01.725 +02:00 [INF] Getting schedules for doctor 56efbef5-cb95-4ab8-9ea4-86bf366c6355 from 2025-01-30 to 2025-02-28
2025-01-30 17:23:07.267 +02:00 [INF] User authenticated: true, Role: Doctor, Path: /Schedule/Delete/d6ff8c03-af26-4798-7861-08dd4137b0c0
2025-01-30 17:23:43.078 +02:00 [INF] User authenticated: true, Role: Doctor, Path: /Schedule/Delete/164809da-aa43-4ddf-7551-08dd413d5a0c
2025-01-30 17:25:41.265 +02:00 [INF] Starting Medical Client web application
2025-01-30 17:25:42.377 +02:00 [INF] User authenticated: true, Role: Doctor, Path: /
2025-01-30 17:25:42.437 +02:00 [INF] User authenticated: true, Role: Doctor
2025-01-30 17:25:44.287 +02:00 [INF] User authenticated: true, Role: Doctor, Path: /Schedule
2025-01-30 17:25:44.408 +02:00 [INF] Getting schedules for doctor 56efbef5-cb95-4ab8-9ea4-86bf366c6355 from 2025-01-30 to 2025-02-28
2025-01-30 17:25:48.822 +02:00 [INF] User authenticated: true, Role: Doctor, Path: /Schedule/Delete
2025-01-30 17:29:11.253 +02:00 [INF] Starting Medical Client web application
2025-01-30 17:29:12.454 +02:00 [INF] User authenticated: true, Role: Doctor, Path: /
2025-01-30 17:29:12.501 +02:00 [INF] User authenticated: true, Role: Doctor
2025-01-30 17:29:14.909 +02:00 [INF] User authenticated: true, Role: Doctor, Path: /Schedule
2025-01-30 17:29:15.034 +02:00 [INF] Getting schedules for doctor 56efbef5-cb95-4ab8-9ea4-86bf366c6355 from 2025-01-30 to 2025-02-28
2025-01-30 17:29:20.319 +02:00 [INF] User authenticated: true, Role: Doctor, Path: /Schedule
2025-01-30 17:29:23.664 +02:00 [INF] User authenticated: true, Role: Doctor, Path: /Schedule/Create
2025-01-30 17:29:25.146 +02:00 [INF] User authenticated: true, Role: Doctor, Path: /Schedule
2025-01-30 17:29:25.152 +02:00 [INF] Getting schedules for doctor 56efbef5-cb95-4ab8-9ea4-86bf366c6355 from 2025-01-30 to 2025-02-28
2025-01-30 17:30:15.220 +02:00 [INF] Starting Medical Client web application
2025-01-30 17:30:16.262 +02:00 [INF] User authenticated: true, Role: Doctor, Path: /
2025-01-30 17:30:16.317 +02:00 [INF] User authenticated: true, Role: Doctor
2025-01-30 17:30:17.710 +02:00 [INF] User authenticated: true, Role: Doctor, Path: /Schedule
2025-01-30 17:30:17.837 +02:00 [INF] Getting schedules for doctor 56efbef5-cb95-4ab8-9ea4-86bf366c6355 from 2025-01-30 to 2025-02-28
2025-01-30 17:30:22.528 +02:00 [INF] User authenticated: true, Role: Doctor, Path: /Schedule
2025-01-30 17:30:25.266 +02:00 [INF] User authenticated: true, Role: Doctor, Path: /Schedule
2025-01-30 17:30:25.271 +02:00 [INF] Getting schedules for doctor 56efbef5-cb95-4ab8-9ea4-86bf366c6355 from 2025-01-30 to 2025-02-28
2025-01-30 17:31:05.038 +02:00 [INF] Starting Medical Client web application
2025-01-30 17:31:06.441 +02:00 [INF] User authenticated: true, Role: Doctor, Path: /
2025-01-30 17:31:06.500 +02:00 [INF] User authenticated: true, Role: Doctor
2025-01-30 17:31:07.916 +02:00 [INF] User authenticated: true, Role: Doctor, Path: /Schedule
2025-01-30 17:31:08.030 +02:00 [INF] Getting schedules for doctor 56efbef5-cb95-4ab8-9ea4-86bf366c6355 from 2025-01-30 to 2025-02-28
2025-01-30 17:34:05.276 +02:00 [INF] Starting Medical Client web application
2025-01-30 17:34:06.664 +02:00 [INF] User authenticated: true, Role: Doctor, Path: /
2025-01-30 17:34:06.735 +02:00 [INF] User authenticated: true, Role: Doctor
2025-01-30 17:34:09.031 +02:00 [INF] User authenticated: true, Role: Doctor, Path: /Schedule
2025-01-30 17:34:09.180 +02:00 [INF] Getting schedules for doctor 56efbef5-cb95-4ab8-9ea4-86bf366c6355 from 2025-01-30 to 2025-02-28
2025-01-30 17:34:14.611 +02:00 [INF] User authenticated: true, Role: Doctor, Path: /Schedule
2025-01-30 17:34:35.879 +02:00 [INF] User authenticated: true, Role: Doctor, Path: /
2025-01-30 17:34:35.883 +02:00 [INF] User authenticated: true, Role: Doctor
2025-01-30 17:34:37.426 +02:00 [INF] User authenticated: true, Role: Doctor, Path: /Schedule
2025-01-30 17:34:37.431 +02:00 [INF] Getting schedules for doctor 56efbef5-cb95-4ab8-9ea4-86bf366c6355 from 2025-01-30 to 2025-02-28
2025-01-30 17:34:39.770 +02:00 [INF] User authenticated: true, Role: Doctor, Path: /Schedule
2025-01-30 17:34:42.077 +02:00 [INF] User authenticated: true, Role: Doctor, Path: /Schedule
2025-01-30 17:34:43.204 +02:00 [INF] User authenticated: true, Role: Doctor, Path: /
2025-01-30 17:34:43.208 +02:00 [INF] User authenticated: true, Role: Doctor
2025-01-30 17:34:44.883 +02:00 [INF] User authenticated: true, Role: Doctor, Path: /Schedule
2025-01-30 17:34:44.887 +02:00 [INF] Getting schedules for doctor 56efbef5-cb95-4ab8-9ea4-86bf366c6355 from 2025-01-30 to 2025-02-28
2025-01-30 17:34:47.768 +02:00 [INF] User authenticated: true, Role: Doctor, Path: /Schedule
2025-01-30 17:37:07.875 +02:00 [INF] Starting Medical Client web application
2025-01-30 17:37:09.208 +02:00 [INF] User authenticated: true, Role: Doctor, Path: /
2025-01-30 17:37:09.279 +02:00 [INF] User authenticated: true, Role: Doctor
2025-01-30 17:37:11.229 +02:00 [INF] User authenticated: true, Role: Doctor, Path: /Schedule
2025-01-30 17:37:11.374 +02:00 [INF] Getting schedules for doctor 56efbef5-cb95-4ab8-9ea4-86bf366c6355 from 2025-01-30 to 2025-02-28
2025-01-30 17:37:16.597 +02:00 [INF] User authenticated: true, Role: Doctor, Path: /Schedule
2025-01-30 17:37:16.641 +02:00 [INF] Attempting to delete schedule 164809da-aa43-4ddf-7551-08dd413d5a0c
2025-01-30 17:37:17.340 +02:00 [INF] Schedule 164809da-aa43-4ddf-7551-08dd413d5a0c deleted successfully
2025-01-30 17:37:17.359 +02:00 [INF] User authenticated: true, Role: Doctor, Path: /Schedule
2025-01-30 17:37:17.364 +02:00 [INF] Getting schedules for doctor 56efbef5-cb95-4ab8-9ea4-86bf366c6355 from 2025-01-30 to 2025-02-28
2025-01-30 17:37:19.595 +02:00 [INF] User authenticated: true, Role: Doctor, Path: /Schedule
2025-01-30 17:37:19.602 +02:00 [INF] Attempting to delete schedule c3de763f-6185-4a3a-b8ac-08dd414123b6
2025-01-30 17:37:19.630 +02:00 [INF] Schedule c3de763f-6185-4a3a-b8ac-08dd414123b6 deleted successfully
2025-01-30 17:37:19.647 +02:00 [INF] User authenticated: true, Role: Doctor, Path: /Schedule
2025-01-30 17:37:19.650 +02:00 [INF] Getting schedules for doctor 56efbef5-cb95-4ab8-9ea4-86bf366c6355 from 2025-01-30 to 2025-02-28
2025-01-30 17:37:21.692 +02:00 [INF] User authenticated: true, Role: Doctor, Path: /Schedule
2025-01-30 17:37:21.696 +02:00 [INF] Attempting to delete schedule be3351cb-9f4b-4579-7f4b-08dd413a634f
2025-01-30 17:37:21.722 +02:00 [INF] Schedule be3351cb-9f4b-4579-7f4b-08dd413a634f deleted successfully
2025-01-30 17:37:21.740 +02:00 [INF] User authenticated: true, Role: Doctor, Path: /Schedule
2025-01-30 17:37:21.743 +02:00 [INF] Getting schedules for doctor 56efbef5-cb95-4ab8-9ea4-86bf366c6355 from 2025-01-30 to 2025-02-28
2025-01-30 17:37:24.393 +02:00 [INF] User authenticated: true, Role: Doctor, Path: /Schedule/Create
2025-01-30 17:37:26.282 +02:00 [INF] User authenticated: true, Role: Doctor, Path: /Schedule
2025-01-30 17:37:26.286 +02:00 [INF] Getting schedules for doctor 56efbef5-cb95-4ab8-9ea4-86bf366c6355 from 2025-01-30 to 2025-02-28
2025-01-30 17:37:28.942 +02:00 [INF] User authenticated: true, Role: Doctor, Path: /Schedule
2025-01-30 17:37:28.947 +02:00 [INF] Attempting to delete schedule 34285e95-17fc-422b-3e25-08dd413eda41
2025-01-30 17:37:28.997 +02:00 [INF] Schedule 34285e95-17fc-422b-3e25-08dd413eda41 deleted successfully
2025-01-30 17:37:29.015 +02:00 [INF] User authenticated: true, Role: Doctor, Path: /Schedule
2025-01-30 17:37:29.018 +02:00 [INF] Getting schedules for doctor 56efbef5-cb95-4ab8-9ea4-86bf366c6355 from 2025-01-30 to 2025-02-28
2025-01-30 17:38:17.910 +02:00 [INF] User authenticated: true, Role: Doctor, Path: /Schedule/Create
2025-01-30 17:38:35.732 +02:00 [INF] User authenticated: true, Role: Doctor, Path: /Schedule/Create
2025-01-30 17:38:35.779 +02:00 [INF] Creating schedule - DayOfWeek: 5, StartTime: "09:00:00", EndTime: "17:00:00"
2025-01-30 17:38:36.639 +02:00 [INF] User authenticated: true, Role: Doctor, Path: /Schedule
2025-01-30 17:38:36.642 +02:00 [INF] Getting schedules for doctor 56efbef5-cb95-4ab8-9ea4-86bf366c6355 from 2025-01-30 to 2025-02-28
2025-01-30 17:38:54.312 +02:00 [INF] User authenticated: true, Role: Doctor, Path: /Schedule/Create
2025-01-30 17:39:05.437 +02:00 [INF] User authenticated: true, Role: Doctor, Path: /Schedule/Create
2025-01-30 17:39:05.442 +02:00 [INF] Creating schedule - DayOfWeek: 0, StartTime: "09:00:00", EndTime: "17:00:00"
2025-01-30 17:39:05.627 +02:00 [INF] User authenticated: true, Role: Doctor, Path: /Schedule
2025-01-30 17:39:05.630 +02:00 [INF] Getting schedules for doctor 56efbef5-cb95-4ab8-9ea4-86bf366c6355 from 2025-01-30 to 2025-02-28
2025-01-30 17:39:16.575 +02:00 [INF] User authenticated: true, Role: Doctor, Path: /Schedule
2025-01-30 17:39:16.581 +02:00 [INF] Attempting to delete schedule 381047eb-cbb3-462d-7415-08dd4144290f
2025-01-30 17:39:16.610 +02:00 [INF] Schedule 381047eb-cbb3-462d-7415-08dd4144290f deleted successfully
2025-01-30 17:39:16.630 +02:00 [INF] User authenticated: true, Role: Doctor, Path: /Schedule
2025-01-30 17:39:16.633 +02:00 [INF] Getting schedules for doctor 56efbef5-cb95-4ab8-9ea4-86bf366c6355 from 2025-01-30 to 2025-02-28
2025-01-30 17:39:18.755 +02:00 [INF] User authenticated: true, Role: Doctor, Path: /Schedule/Edit/5481fe6b-b5ba-418e-7414-08dd4144290f
2025-01-30 17:39:31.475 +02:00 [INF] User authenticated: true, Role: Doctor, Path: /Schedule/Edit/5481fe6b-b5ba-418e-7414-08dd4144290f
2025-01-30 17:39:31.754 +02:00 [INF] Call failed with gRPC error status. Status code: '"Internal"', Message: 'Error updating schedule'.
2025-01-30 17:39:31.763 +02:00 [ERR] Error updating schedule 5481fe6b-b5ba-418e-7414-08dd4144290f
Grpc.Core.RpcException: Status(StatusCode="Internal", Detail="Error updating schedule")
   at Medical.Client.Services.DoctorServiceGrpc.UpdateScheduleAsync(UpdateScheduleRequest request) in D:\OtherProjects\MedicalApp\Medical.Client\Services\DoctorService.cs:line 103
2025-01-30 17:39:31.779 +02:00 [ERR] Error updating schedule 5481fe6b-b5ba-418e-7414-08dd4144290f
Grpc.Core.RpcException: Status(StatusCode="Internal", Detail="Error updating schedule")
   at Medical.Client.Services.DoctorServiceGrpc.UpdateScheduleAsync(UpdateScheduleRequest request) in D:\OtherProjects\MedicalApp\Medical.Client\Services\DoctorService.cs:line 103
   at Medical.Client.Models.Schedule.EditModel.OnPostAsync() in D:\OtherProjects\MedicalApp\Medical.Client\Models\Schedule\EditModel.cs:line 64
2025-01-30 17:46:06.639 +02:00 [INF] Starting Medical Client web application
2025-01-30 17:46:08.354 +02:00 [INF] User authenticated: true, Role: Doctor, Path: /
2025-01-30 17:46:08.427 +02:00 [INF] User authenticated: true, Role: Doctor
2025-01-30 17:46:10.188 +02:00 [INF] User authenticated: true, Role: Doctor, Path: /Schedule
2025-01-30 17:46:10.388 +02:00 [INF] Getting schedules for doctor 56efbef5-cb95-4ab8-9ea4-86bf366c6355 from 2025-01-30 to 2025-02-28
2025-01-30 17:46:18.233 +02:00 [INF] User authenticated: true, Role: Doctor, Path: /Schedule
2025-01-30 17:46:18.269 +02:00 [INF] Attempting to delete schedule d6ff8c03-af26-4798-7861-08dd4137b0c0
2025-01-30 17:46:19.096 +02:00 [INF] Schedule d6ff8c03-af26-4798-7861-08dd4137b0c0 deleted successfully
2025-01-30 17:46:19.119 +02:00 [INF] User authenticated: true, Role: Doctor, Path: /Schedule
2025-01-30 17:46:19.123 +02:00 [INF] Getting schedules for doctor 56efbef5-cb95-4ab8-9ea4-86bf366c6355 from 2025-01-30 to 2025-02-28
2025-01-30 17:46:20.239 +02:00 [INF] User authenticated: true, Role: Doctor, Path: /Schedule/Edit/5481fe6b-b5ba-418e-7414-08dd4144290f
2025-01-30 17:46:28.207 +02:00 [INF] User authenticated: true, Role: Doctor, Path: /Schedule/Edit/5481fe6b-b5ba-418e-7414-08dd4144290f
2025-01-30 17:46:28.229 +02:00 [INF] Updating schedule 5481fe6b-b5ba-418e-7414-08dd4144290f - Start: "07:00:00", End: "19:00:00"
2025-01-30 17:46:28.467 +02:00 [INF] Schedule 5481fe6b-b5ba-418e-7414-08dd4144290f updated successfully
2025-01-30 17:46:28.489 +02:00 [INF] User authenticated: true, Role: Doctor, Path: /Schedule
2025-01-30 17:46:28.494 +02:00 [INF] Getting schedules for doctor 56efbef5-cb95-4ab8-9ea4-86bf366c6355 from 2025-01-30 to 2025-02-28
2025-01-30 17:46:42.750 +02:00 [INF] User authenticated: true, Role: Doctor, Path: /Schedule
2025-01-30 17:46:42.753 +02:00 [INF] Getting schedules for doctor 56efbef5-cb95-4ab8-9ea4-86bf366c6355 from 2025-01-30 to 2025-02-28
2025-01-30 17:46:44.007 +02:00 [INF] User authenticated: true, Role: Doctor, Path: /Schedule
2025-01-30 17:46:44.011 +02:00 [INF] Getting schedules for doctor 56efbef5-cb95-4ab8-9ea4-86bf366c6355 from 2025-01-30 to 2025-02-28
2025-01-30 17:46:45.666 +02:00 [INF] User authenticated: true, Role: Doctor, Path: /Schedule/Create
2025-01-30 17:46:46.396 +02:00 [INF] User authenticated: true, Role: Doctor, Path: /Schedule
2025-01-30 17:46:46.405 +02:00 [INF] Getting schedules for doctor 56efbef5-cb95-4ab8-9ea4-86bf366c6355 from 2025-01-30 to 2025-02-28
2025-01-30 17:46:48.682 +02:00 [INF] User authenticated: true, Role: Doctor, Path: /Schedule/Edit/5481fe6b-b5ba-418e-7414-08dd4144290f
2025-01-30 17:46:53.755 +02:00 [INF] User authenticated: true, Role: Doctor, Path: /Schedule/Edit/5481fe6b-b5ba-418e-7414-08dd4144290f
2025-01-30 17:46:53.760 +02:00 [INF] Updating schedule 5481fe6b-b5ba-418e-7414-08dd4144290f - Start: "07:00:00", End: "15:00:00"
2025-01-30 17:46:53.874 +02:00 [INF] Schedule 5481fe6b-b5ba-418e-7414-08dd4144290f updated successfully
2025-01-30 17:46:53.890 +02:00 [INF] User authenticated: true, Role: Doctor, Path: /Schedule
2025-01-30 17:46:53.893 +02:00 [INF] Getting schedules for doctor 56efbef5-cb95-4ab8-9ea4-86bf366c6355 from 2025-01-30 to 2025-02-28
2025-01-30 17:50:06.674 +02:00 [INF] Starting Medical Client web application
2025-01-30 17:50:07.829 +02:00 [INF] User authenticated: true, Role: Doctor, Path: /
2025-01-30 17:50:07.891 +02:00 [INF] User authenticated: true, Role: Doctor
2025-01-30 17:50:10.010 +02:00 [INF] User authenticated: true, Role: Doctor, Path: /Schedule
2025-01-30 17:50:10.137 +02:00 [INF] Getting schedules for doctor 56efbef5-cb95-4ab8-9ea4-86bf366c6355 from 2025-01-30 to 2025-02-28
2025-01-30 17:50:13.398 +02:00 [INF] User authenticated: true, Role: Doctor, Path: /Schedule/Edit/5481fe6b-b5ba-418e-7414-08dd4144290f
2025-01-30 17:50:25.106 +02:00 [INF] User authenticated: true, Role: Doctor, Path: /Schedule/Edit/5481fe6b-b5ba-418e-7414-08dd4144290f
2025-01-30 17:50:25.153 +02:00 [INF] Updating schedule 5481fe6b-b5ba-418e-7414-08dd4144290f - Day: 5, Start: "07:00:00", End: "19:00:00"
2025-01-30 17:50:25.450 +02:00 [INF] User authenticated: true, Role: Doctor, Path: /Schedule
2025-01-30 17:50:25.453 +02:00 [INF] Getting schedules for doctor 56efbef5-cb95-4ab8-9ea4-86bf366c6355 from 2025-01-30 to 2025-02-28
2025-01-30 17:50:30.401 +02:00 [INF] User authenticated: true, Role: Doctor, Path: /Schedule/Edit/5481fe6b-b5ba-418e-7414-08dd4144290f
2025-01-30 17:51:07.902 +02:00 [INF] Starting Medical Client web application
2025-01-30 17:51:09.039 +02:00 [INF] User authenticated: true, Role: Doctor, Path: /
2025-01-30 17:51:09.102 +02:00 [INF] User authenticated: true, Role: Doctor
2025-01-30 17:51:10.722 +02:00 [INF] User authenticated: true, Role: Doctor, Path: /Schedule
2025-01-30 17:51:10.867 +02:00 [INF] Getting schedules for doctor 56efbef5-cb95-4ab8-9ea4-86bf366c6355 from 2025-01-30 to 2025-02-28
2025-01-30 17:51:17.214 +02:00 [INF] User authenticated: true, Role: Doctor, Path: /Schedule/Edit/5481fe6b-b5ba-418e-7414-08dd4144290f
2025-01-30 17:51:26.181 +02:00 [INF] User authenticated: true, Role: Doctor, Path: /Schedule/Edit/5481fe6b-b5ba-418e-7414-08dd4144290f
2025-01-30 17:51:26.222 +02:00 [INF] Updating schedule 5481fe6b-b5ba-418e-7414-08dd4144290f - Day: 5, Start: "07:00:00", End: "19:00:00"
2025-01-30 17:51:27.544 +02:00 [INF] User authenticated: true, Role: Doctor, Path: /Schedule
2025-01-30 17:51:27.547 +02:00 [INF] Getting schedules for doctor 56efbef5-cb95-4ab8-9ea4-86bf366c6355 from 2025-01-30 to 2025-02-28
2025-01-30 17:54:47.163 +02:00 [INF] Starting Medical Client web application
2025-01-30 17:54:48.537 +02:00 [INF] User authenticated: true, Role: Doctor, Path: /
2025-01-30 17:54:48.590 +02:00 [INF] User authenticated: true, Role: Doctor
2025-01-30 17:54:50.520 +02:00 [INF] User authenticated: true, Role: Doctor, Path: /Schedule
2025-01-30 17:54:50.658 +02:00 [INF] Getting schedules for doctor 56efbef5-cb95-4ab8-9ea4-86bf366c6355 from 2025-01-30 to 2025-02-28
2025-01-30 17:54:54.587 +02:00 [INF] User authenticated: true, Role: Doctor, Path: /Schedule/Edit/5481fe6b-b5ba-418e-7414-08dd4144290f
2025-01-30 17:55:03.165 +02:00 [INF] User authenticated: true, Role: Doctor, Path: /Schedule/Edit/5481fe6b-b5ba-418e-7414-08dd4144290f
2025-01-30 17:55:03.202 +02:00 [INF] Updating schedule 5481fe6b-b5ba-418e-7414-08dd4144290f - Day: 5, Start: "07:00:00", End: "19:00:00"
2025-01-30 17:55:04.397 +02:00 [INF] User authenticated: true, Role: Doctor, Path: /Schedule
2025-01-30 17:55:04.400 +02:00 [INF] Getting schedules for doctor 56efbef5-cb95-4ab8-9ea4-86bf366c6355 from 2025-01-30 to 2025-02-28
2025-01-30 17:56:06.414 +02:00 [INF] Starting Medical Client web application
2025-01-30 17:56:07.400 +02:00 [INF] User authenticated: true, Role: Doctor, Path: /
2025-01-30 17:56:07.449 +02:00 [INF] User authenticated: true, Role: Doctor
2025-01-30 17:56:09.393 +02:00 [INF] User authenticated: true, Role: Doctor, Path: /Schedule
2025-01-30 17:56:09.502 +02:00 [INF] Getting schedules for doctor 56efbef5-cb95-4ab8-9ea4-86bf366c6355 from 2025-01-30 to 2025-02-28
2025-01-30 17:56:13.995 +02:00 [INF] User authenticated: true, Role: Doctor, Path: /Schedule/Edit/5481fe6b-b5ba-418e-7414-08dd4144290f
2025-01-30 17:56:18.355 +02:00 [INF] User authenticated: true, Role: Doctor, Path: /Schedule/Edit/5481fe6b-b5ba-418e-7414-08dd4144290f
2025-01-30 17:56:20.667 +02:00 [INF] User authenticated: true, Role: Doctor, Path: /Schedule
2025-01-30 17:56:20.670 +02:00 [INF] Getting schedules for doctor 56efbef5-cb95-4ab8-9ea4-86bf366c6355 from 2025-01-30 to 2025-02-28
2025-01-30 17:57:11.442 +02:00 [INF] Starting Medical Client web application
2025-01-30 17:57:12.512 +02:00 [INF] User authenticated: true, Role: Doctor, Path: /
2025-01-30 17:57:12.562 +02:00 [INF] User authenticated: true, Role: Doctor
2025-01-30 17:57:14.054 +02:00 [INF] User authenticated: true, Role: Doctor, Path: /Schedule
2025-01-30 17:57:14.193 +02:00 [INF] Getting schedules for doctor 56efbef5-cb95-4ab8-9ea4-86bf366c6355 from 2025-01-30 to 2025-02-28
2025-01-30 17:57:19.233 +02:00 [INF] User authenticated: true, Role: Doctor, Path: /Schedule/Edit/5481fe6b-b5ba-418e-7414-08dd4144290f
2025-01-30 17:57:26.816 +02:00 [INF] User authenticated: true, Role: Doctor, Path: /Schedule/Edit/5481fe6b-b5ba-418e-7414-08dd4144290f
2025-01-30 17:57:28.907 +02:00 [INF] User authenticated: true, Role: Doctor, Path: /Schedule
2025-01-30 17:57:28.910 +02:00 [INF] Getting schedules for doctor 56efbef5-cb95-4ab8-9ea4-86bf366c6355 from 2025-01-30 to 2025-02-28
2025-01-30 17:59:46.067 +02:00 [INF] Starting Medical Client web application
2025-01-30 17:59:47.597 +02:00 [INF] User authenticated: true, Role: Doctor, Path: /
2025-01-30 17:59:47.658 +02:00 [INF] User authenticated: true, Role: Doctor
2025-01-30 17:59:49.233 +02:00 [INF] User authenticated: true, Role: Doctor, Path: /Schedule
2025-01-30 17:59:49.384 +02:00 [INF] Getting schedules for doctor 56efbef5-cb95-4ab8-9ea4-86bf366c6355 from 2025-01-30 to 2025-02-28
2025-01-30 17:59:54.002 +02:00 [INF] User authenticated: true, Role: Doctor, Path: /Schedule/Edit/5481fe6b-b5ba-418e-7414-08dd4144290f
2025-01-30 18:00:01.441 +02:00 [INF] User authenticated: true, Role: Doctor, Path: /Schedule/Edit/5481fe6b-b5ba-418e-7414-08dd4144290f
2025-01-30 18:00:03.659 +02:00 [INF] User authenticated: true, Role: Doctor, Path: /Schedule
2025-01-30 18:00:03.662 +02:00 [INF] Getting schedules for doctor 56efbef5-cb95-4ab8-9ea4-86bf366c6355 from 2025-01-30 to 2025-02-28
2025-01-30 18:00:16.048 +02:00 [INF] User authenticated: true, Role: Doctor, Path: /Schedule/Create
2025-01-30 18:00:25.622 +02:00 [INF] User authenticated: true, Role: Doctor, Path: /Schedule/Create
2025-01-30 18:00:27.912 +02:00 [INF] User authenticated: true, Role: Doctor, Path: /Schedule/Create
2025-01-30 18:00:29.144 +02:00 [INF] User authenticated: true, Role: Doctor, Path: /Schedule
2025-01-30 18:00:29.147 +02:00 [INF] Getting schedules for doctor 56efbef5-cb95-4ab8-9ea4-86bf366c6355 from 2025-01-30 to 2025-02-28
2025-01-30 18:00:32.357 +02:00 [INF] User authenticated: true, Role: Doctor, Path: /Schedule/Create
2025-01-30 18:00:42.484 +02:00 [INF] User authenticated: true, Role: Doctor, Path: /Schedule/Create
2025-01-30 18:00:42.489 +02:00 [INF] Creating schedule - DayOfWeek: 1, StartTime: "09:00:00", EndTime: "17:00:00"
2025-01-30 18:00:42.985 +02:00 [INF] User authenticated: true, Role: Doctor, Path: /Schedule
2025-01-30 18:00:42.987 +02:00 [INF] Getting schedules for doctor 56efbef5-cb95-4ab8-9ea4-86bf366c6355 from 2025-01-30 to 2025-02-28
2025-01-30 18:00:59.288 +02:00 [INF] User authenticated: true, Role: Doctor, Path: /Schedule/Edit/206f941c-a5bb-469d-d5b2-08dd41473fcf
2025-01-30 18:01:06.759 +02:00 [INF] User authenticated: true, Role: Doctor, Path: /Schedule/Edit/206f941c-a5bb-469d-d5b2-08dd41473fcf
2025-01-30 18:01:08.277 +02:00 [INF] User authenticated: true, Role: Doctor, Path: /Schedule
2025-01-30 18:01:08.280 +02:00 [INF] Getting schedules for doctor 56efbef5-cb95-4ab8-9ea4-86bf366c6355 from 2025-01-30 to 2025-02-28
2025-01-30 18:04:27.553 +02:00 [INF] Starting Medical Client web application
2025-01-30 18:04:28.899 +02:00 [INF] User authenticated: true, Role: Doctor, Path: /
2025-01-30 18:04:28.963 +02:00 [INF] User authenticated: true, Role: Doctor
2025-01-30 18:04:31.362 +02:00 [INF] User authenticated: true, Role: Doctor, Path: /Schedule/Create
2025-01-30 18:04:36.310 +02:00 [INF] User authenticated: true, Role: Doctor, Path: /Schedule
2025-01-30 18:04:36.328 +02:00 [INF] Getting schedules for doctor 56efbef5-cb95-4ab8-9ea4-86bf366c6355 from 2025-01-30 to 2025-02-28
2025-01-30 18:04:38.507 +02:00 [INF] User authenticated: true, Role: Doctor, Path: /Schedule/Create
2025-01-30 18:04:43.504 +02:00 [INF] User authenticated: true, Role: Doctor, Path: /Schedule/Create
2025-01-30 18:04:43.572 +02:00 [INF] Creating schedule - DayOfWeek: 0, StartTime: "09:00:00", EndTime: "17:00:00"
2025-01-30 18:04:44.555 +02:00 [INF] User authenticated: true, Role: Doctor, Path: /Schedule
2025-01-30 18:04:44.558 +02:00 [INF] Getting schedules for doctor 56efbef5-cb95-4ab8-9ea4-86bf366c6355 from 2025-01-30 to 2025-02-28
2025-01-30 18:04:49.660 +02:00 [INF] User authenticated: true, Role: Doctor, Path: /Schedule
2025-01-30 18:04:49.669 +02:00 [INF] Attempting to delete schedule f1bb5821-90ba-44e0-942a-706ca25bd815
2025-01-30 18:04:49.785 +02:00 [INF] Schedule f1bb5821-90ba-44e0-942a-706ca25bd815 deleted successfully
2025-01-30 18:04:49.806 +02:00 [INF] User authenticated: true, Role: Doctor, Path: /Schedule
2025-01-30 18:04:49.809 +02:00 [INF] Getting schedules for doctor 56efbef5-cb95-4ab8-9ea4-86bf366c6355 from 2025-01-30 to 2025-02-28
2025-01-30 18:04:51.773 +02:00 [INF] User authenticated: true, Role: Doctor, Path: /Schedule
2025-01-30 18:04:51.778 +02:00 [INF] Attempting to delete schedule 206f941c-a5bb-469d-d5b2-08dd41473fcf
2025-01-30 18:04:51.820 +02:00 [INF] Schedule 206f941c-a5bb-469d-d5b2-08dd41473fcf deleted successfully
2025-01-30 18:04:51.837 +02:00 [INF] User authenticated: true, Role: Doctor, Path: /Schedule
2025-01-30 18:04:51.840 +02:00 [INF] Getting schedules for doctor 56efbef5-cb95-4ab8-9ea4-86bf366c6355 from 2025-01-30 to 2025-02-28
2025-01-30 18:04:52.475 +02:00 [INF] User authenticated: true, Role: Doctor, Path: /Schedule/Create
2025-01-30 18:05:05.158 +02:00 [INF] User authenticated: true, Role: Doctor, Path: /Schedule/Create
2025-01-30 18:05:05.163 +02:00 [INF] Creating schedule - DayOfWeek: 6, StartTime: "09:00:00", EndTime: "17:00:00"
2025-01-30 18:05:05.282 +02:00 [INF] User authenticated: true, Role: Doctor, Path: /Schedule
2025-01-30 18:05:05.285 +02:00 [INF] Getting schedules for doctor 56efbef5-cb95-4ab8-9ea4-86bf366c6355 from 2025-01-30 to 2025-02-28
2025-01-30 18:05:14.348 +02:00 [INF] User authenticated: true, Role: Doctor, Path: /Schedule/Edit/5481fe6b-b5ba-418e-7414-08dd4144290f
2025-01-30 18:05:18.174 +02:00 [INF] User authenticated: true, Role: Doctor, Path: /Schedule/Edit/5481fe6b-b5ba-418e-7414-08dd4144290f
2025-01-30 18:05:19.606 +02:00 [INF] User authenticated: true, Role: Doctor, Path: /Schedule
2025-01-30 18:05:19.610 +02:00 [INF] Getting schedules for doctor 56efbef5-cb95-4ab8-9ea4-86bf366c6355 from 2025-01-30 to 2025-02-28
2025-01-30 18:09:29.055 +02:00 [INF] Starting Medical Client web application
2025-01-30 18:09:30.494 +02:00 [INF] User authenticated: true, Role: Doctor, Path: /
2025-01-30 18:09:30.549 +02:00 [INF] User authenticated: true, Role: Doctor
2025-01-30 18:09:32.192 +02:00 [INF] User authenticated: true, Role: Doctor, Path: /Schedule
2025-01-30 18:09:32.344 +02:00 [INF] Getting schedules for doctor 56efbef5-cb95-4ab8-9ea4-86bf366c6355 from 2025-01-30 to 2025-02-28
2025-01-30 18:09:37.236 +02:00 [INF] User authenticated: true, Role: Doctor, Path: /Schedule/Edit/5481fe6b-b5ba-418e-7414-08dd4144290f
2025-01-30 18:09:44.588 +02:00 [INF] User authenticated: true, Role: Doctor, Path: /Schedule/Edit/5481fe6b-b5ba-418e-7414-08dd4144290f
2025-01-30 18:09:45.746 +02:00 [INF] Call failed with gRPC error status. Status code: '"Internal"', Message: 'The database operation was expected to affect 1 row(s), but actually affected 0 row(s); data may have been modified or deleted since entities were loaded. See https://go.microsoft.com/fwlink/?LinkId=527962 for information on understanding and handling optimistic concurrency exceptions.'.
2025-01-30 18:09:45.768 +02:00 [ERR] Error updating schedule 5481fe6b-b5ba-418e-7414-08dd4144290f
Grpc.Core.RpcException: Status(StatusCode="Internal", Detail="The database operation was expected to affect 1 row(s), but actually affected 0 row(s); data may have been modified or deleted since entities were loaded. See https://go.microsoft.com/fwlink/?LinkId=527962 for information on understanding and handling optimistic concurrency exceptions.")
   at Medical.Client.Services.DoctorServiceGrpc.UpdateScheduleAsync(UpdateScheduleRequest request) in D:\OtherProjects\MedicalApp\Medical.Client\Services\DoctorService.cs:line 103
2025-01-30 18:09:45.793 +02:00 [ERR] Error updating schedule 5481fe6b-b5ba-418e-7414-08dd4144290f
Grpc.Core.RpcException: Status(StatusCode="Internal", Detail="The database operation was expected to affect 1 row(s), but actually affected 0 row(s); data may have been modified or deleted since entities were loaded. See https://go.microsoft.com/fwlink/?LinkId=527962 for information on understanding and handling optimistic concurrency exceptions.")
   at Medical.Client.Services.DoctorServiceGrpc.UpdateScheduleAsync(UpdateScheduleRequest request) in D:\OtherProjects\MedicalApp\Medical.Client\Services\DoctorService.cs:line 103
   at Medical.Client.Models.Schedule.EditModel.OnPostAsync() in D:\OtherProjects\MedicalApp\Medical.Client\Models\Schedule\EditModel.cs:line 83
2025-01-30 18:13:51.288 +02:00 [INF] Starting Medical Client web application
2025-01-30 18:13:53.217 +02:00 [INF] User authenticated: true, Role: Doctor, Path: /
2025-01-30 18:13:53.298 +02:00 [INF] User authenticated: true, Role: Doctor
2025-01-30 18:13:55.414 +02:00 [INF] User authenticated: true, Role: Doctor, Path: /Schedule/Create
2025-01-30 18:13:59.883 +02:00 [INF] Call failed with gRPC error status. Status code: '"Unavailable"', Message: 'Error connecting to subchannel.'.
System.Net.Sockets.SocketException (10061): Подключение не установлено, т.к. конечный компьютер отверг запрос на подключение.
   at System.Net.Sockets.Socket.AwaitableSocketAsyncEventArgs.ThrowException(SocketError error, CancellationToken cancellationToken)
   at System.Net.Sockets.Socket.AwaitableSocketAsyncEventArgs.System.Threading.Tasks.Sources.IValueTaskSource.GetResult(Int16 token)
   at System.Net.Sockets.Socket.<ConnectAsync>g__WaitForConnectWithCancellation|285_0(AwaitableSocketAsyncEventArgs saea, ValueTask connectTask, CancellationToken cancellationToken)
   at Grpc.Net.Client.Balancer.Internal.SocketConnectivitySubchannelTransport.TryConnectAsync(ConnectContext context, Int32 attempt)
2025-01-30 18:13:59.926 +02:00 [ERR] Error getting schedule for doctor 56efbef5-cb95-4ab8-9ea4-86bf366c6355
Grpc.Core.RpcException: Status(StatusCode="Unavailable", Detail="Error connecting to subchannel.", DebugException="System.Net.Sockets.SocketException: Подключение не установлено, т.к. конечный компьютер отверг запрос на подключение.")
 ---> System.Net.Sockets.SocketException (10061): Подключение не установлено, т.к. конечный компьютер отверг запрос на подключение.
   at System.Net.Sockets.Socket.AwaitableSocketAsyncEventArgs.ThrowException(SocketError error, CancellationToken cancellationToken)
   at System.Net.Sockets.Socket.AwaitableSocketAsyncEventArgs.System.Threading.Tasks.Sources.IValueTaskSource.GetResult(Int16 token)
   at System.Net.Sockets.Socket.<ConnectAsync>g__WaitForConnectWithCancellation|285_0(AwaitableSocketAsyncEventArgs saea, ValueTask connectTask, CancellationToken cancellationToken)
   at Grpc.Net.Client.Balancer.Internal.SocketConnectivitySubchannelTransport.TryConnectAsync(ConnectContext context, Int32 attempt)
   --- End of inner exception stack trace ---
   at Grpc.Net.Client.Balancer.Internal.ConnectionManager.PickAsync(PickContext context, Boolean waitForReady, CancellationToken cancellationToken)
   at Grpc.Net.Client.Balancer.Internal.BalancerHttpHandler.SendAsync(HttpRequestMessage request, CancellationToken cancellationToken)
   at Grpc.Net.Client.Internal.GrpcCall`2.RunCall(HttpRequestMessage request, Nullable`1 timeout)
   at Medical.Client.Services.DoctorServiceGrpc.GetDoctorScheduleAsync(String doctorId, DateTime fromDate, DateTime toDate) in D:\OtherProjects\MedicalApp\Medical.Client\Services\DoctorService.cs:line 138
2025-01-30 18:13:59.959 +02:00 [ERR] Error in authentication middleware
Grpc.Core.RpcException: Status(StatusCode="Unavailable", Detail="Error connecting to subchannel.", DebugException="System.Net.Sockets.SocketException: Подключение не установлено, т.к. конечный компьютер отверг запрос на подключение.")
 ---> System.Net.Sockets.SocketException (10061): Подключение не установлено, т.к. конечный компьютер отверг запрос на подключение.
   at System.Net.Sockets.Socket.AwaitableSocketAsyncEventArgs.ThrowException(SocketError error, CancellationToken cancellationToken)
   at System.Net.Sockets.Socket.AwaitableSocketAsyncEventArgs.System.Threading.Tasks.Sources.IValueTaskSource.GetResult(Int16 token)
   at System.Net.Sockets.Socket.<ConnectAsync>g__WaitForConnectWithCancellation|285_0(AwaitableSocketAsyncEventArgs saea, ValueTask connectTask, CancellationToken cancellationToken)
   at Grpc.Net.Client.Balancer.Internal.SocketConnectivitySubchannelTransport.TryConnectAsync(ConnectContext context, Int32 attempt)
   --- End of inner exception stack trace ---
   at Grpc.Net.Client.Balancer.Internal.ConnectionManager.PickAsync(PickContext context, Boolean waitForReady, CancellationToken cancellationToken)
   at Grpc.Net.Client.Balancer.Internal.BalancerHttpHandler.SendAsync(HttpRequestMessage request, CancellationToken cancellationToken)
   at Grpc.Net.Client.Internal.GrpcCall`2.RunCall(HttpRequestMessage request, Nullable`1 timeout)
   at Medical.Client.Services.DoctorServiceGrpc.GetDoctorScheduleAsync(String doctorId, DateTime fromDate, DateTime toDate) in D:\OtherProjects\MedicalApp\Medical.Client\Services\DoctorService.cs:line 138
   at Medical.Client.Models.Schedule.CreateModel.OnGetAsync() in D:\OtherProjects\MedicalApp\Medical.Client\Models\Schedule\CreateModel.cs:line 43
   at Microsoft.AspNetCore.Mvc.RazorPages.Infrastructure.ExecutorFactory.NonGenericTaskHandlerMethod.Execute(Object receiver, Object[] arguments)
   at Microsoft.AspNetCore.Mvc.RazorPages.Infrastructure.PageActionInvoker.InvokeHandlerMethodAsync()
   at Microsoft.AspNetCore.Mvc.RazorPages.Infrastructure.PageActionInvoker.InvokeNextPageFilterAsync()
   at Microsoft.AspNetCore.Mvc.RazorPages.Infrastructure.PageActionInvoker.Rethrow(PageHandlerExecutedContext context)
   at Microsoft.AspNetCore.Mvc.RazorPages.Infrastructure.PageActionInvoker.Next(State& next, Scope& scope, Object& state, Boolean& isCompleted)
   at Microsoft.AspNetCore.Mvc.RazorPages.Infrastructure.PageActionInvoker.InvokeInnerFilterAsync()
   at Microsoft.AspNetCore.Mvc.Infrastructure.ResourceInvoker.<InvokeNextResourceFilter>g__Awaited|25_0(ResourceInvoker invoker, Task lastTask, State next, Scope scope, Object state, Boolean isCompleted)
   at Microsoft.AspNetCore.Mvc.Infrastructure.ResourceInvoker.Rethrow(ResourceExecutedContextSealed context)
   at Microsoft.AspNetCore.Mvc.Infrastructure.ResourceInvoker.Next(State& next, Scope& scope, Object& state, Boolean& isCompleted)
   at Microsoft.AspNetCore.Mvc.Infrastructure.ResourceInvoker.<InvokeFilterPipelineAsync>g__Awaited|20_0(ResourceInvoker invoker, Task lastTask, State next, Scope scope, Object state, Boolean isCompleted)
   at Microsoft.AspNetCore.Mvc.Infrastructure.ResourceInvoker.<InvokeAsync>g__Logged|17_1(ResourceInvoker invoker)
   at Microsoft.AspNetCore.Mvc.Infrastructure.ResourceInvoker.<InvokeAsync>g__Logged|17_1(ResourceInvoker invoker)
   at Medical.Client.Middleware.AuthenticationMiddleware.InvokeAsync(HttpContext context) in D:\OtherProjects\MedicalApp\Medical.Client\Middleware\AuthenticationMiddleware.cs:line 53
2025-01-30 18:13:59.996 +02:00 [ERR] An unhandled exception has occurred while executing the request.
Grpc.Core.RpcException: Status(StatusCode="Unavailable", Detail="Error connecting to subchannel.", DebugException="System.Net.Sockets.SocketException: Подключение не установлено, т.к. конечный компьютер отверг запрос на подключение.")
 ---> System.Net.Sockets.SocketException (10061): Подключение не установлено, т.к. конечный компьютер отверг запрос на подключение.
   at System.Net.Sockets.Socket.AwaitableSocketAsyncEventArgs.ThrowException(SocketError error, CancellationToken cancellationToken)
   at System.Net.Sockets.Socket.AwaitableSocketAsyncEventArgs.System.Threading.Tasks.Sources.IValueTaskSource.GetResult(Int16 token)
   at System.Net.Sockets.Socket.<ConnectAsync>g__WaitForConnectWithCancellation|285_0(AwaitableSocketAsyncEventArgs saea, ValueTask connectTask, CancellationToken cancellationToken)
   at Grpc.Net.Client.Balancer.Internal.SocketConnectivitySubchannelTransport.TryConnectAsync(ConnectContext context, Int32 attempt)
   --- End of inner exception stack trace ---
   at Grpc.Net.Client.Balancer.Internal.ConnectionManager.PickAsync(PickContext context, Boolean waitForReady, CancellationToken cancellationToken)
   at Grpc.Net.Client.Balancer.Internal.BalancerHttpHandler.SendAsync(HttpRequestMessage request, CancellationToken cancellationToken)
   at Grpc.Net.Client.Internal.GrpcCall`2.RunCall(HttpRequestMessage request, Nullable`1 timeout)
   at Medical.Client.Services.DoctorServiceGrpc.GetDoctorScheduleAsync(String doctorId, DateTime fromDate, DateTime toDate) in D:\OtherProjects\MedicalApp\Medical.Client\Services\DoctorService.cs:line 138
   at Medical.Client.Models.Schedule.CreateModel.OnGetAsync() in D:\OtherProjects\MedicalApp\Medical.Client\Models\Schedule\CreateModel.cs:line 43
   at Microsoft.AspNetCore.Mvc.RazorPages.Infrastructure.ExecutorFactory.NonGenericTaskHandlerMethod.Execute(Object receiver, Object[] arguments)
   at Microsoft.AspNetCore.Mvc.RazorPages.Infrastructure.PageActionInvoker.InvokeHandlerMethodAsync()
   at Microsoft.AspNetCore.Mvc.RazorPages.Infrastructure.PageActionInvoker.InvokeNextPageFilterAsync()
   at Microsoft.AspNetCore.Mvc.RazorPages.Infrastructure.PageActionInvoker.Rethrow(PageHandlerExecutedContext context)
   at Microsoft.AspNetCore.Mvc.RazorPages.Infrastructure.PageActionInvoker.Next(State& next, Scope& scope, Object& state, Boolean& isCompleted)
   at Microsoft.AspNetCore.Mvc.RazorPages.Infrastructure.PageActionInvoker.InvokeInnerFilterAsync()
   at Microsoft.AspNetCore.Mvc.Infrastructure.ResourceInvoker.<InvokeNextResourceFilter>g__Awaited|25_0(ResourceInvoker invoker, Task lastTask, State next, Scope scope, Object state, Boolean isCompleted)
   at Microsoft.AspNetCore.Mvc.Infrastructure.ResourceInvoker.Rethrow(ResourceExecutedContextSealed context)
   at Microsoft.AspNetCore.Mvc.Infrastructure.ResourceInvoker.Next(State& next, Scope& scope, Object& state, Boolean& isCompleted)
   at Microsoft.AspNetCore.Mvc.Infrastructure.ResourceInvoker.<InvokeFilterPipelineAsync>g__Awaited|20_0(ResourceInvoker invoker, Task lastTask, State next, Scope scope, Object state, Boolean isCompleted)
   at Microsoft.AspNetCore.Mvc.Infrastructure.ResourceInvoker.<InvokeAsync>g__Logged|17_1(ResourceInvoker invoker)
   at Microsoft.AspNetCore.Mvc.Infrastructure.ResourceInvoker.<InvokeAsync>g__Logged|17_1(ResourceInvoker invoker)
   at Medical.Client.Middleware.AuthenticationMiddleware.InvokeAsync(HttpContext context) in D:\OtherProjects\MedicalApp\Medical.Client\Middleware\AuthenticationMiddleware.cs:line 53
   at Microsoft.AspNetCore.Authorization.AuthorizationMiddleware.Invoke(HttpContext context)
   at Microsoft.AspNetCore.Authentication.AuthenticationMiddleware.Invoke(HttpContext context)
   at Microsoft.AspNetCore.Diagnostics.DeveloperExceptionPageMiddlewareImpl.Invoke(HttpContext context)
2025-01-30 18:14:08.955 +02:00 [INF] User authenticated: true, Role: Doctor, Path: /Schedule/Create
2025-01-30 18:14:12.847 +02:00 [INF] User authenticated: true, Role: Doctor, Path: /Schedule
2025-01-30 18:14:12.866 +02:00 [INF] Getting schedules for doctor 56efbef5-cb95-4ab8-9ea4-86bf366c6355 from 2025-01-30 to 2025-02-28
2025-01-30 18:14:14.533 +02:00 [INF] User authenticated: true, Role: Doctor, Path: /Schedule/Create
2025-01-30 18:14:19.179 +02:00 [INF] User authenticated: true, Role: Doctor, Path: /Schedule/Create
2025-01-30 18:14:19.240 +02:00 [INF] Creating schedule - DayOfWeek: 0, StartTime: "09:00:00", EndTime: "17:00:00"
2025-01-30 18:14:19.591 +02:00 [INF] Call failed with gRPC error status. Status code: '"Internal"', Message: 'An error occurred while saving the entity changes. See the inner exception for details.'.
2025-01-30 18:14:19.598 +02:00 [ERR] Error creating schedule for doctor 56efbef5-cb95-4ab8-9ea4-86bf366c6355
Grpc.Core.RpcException: Status(StatusCode="Internal", Detail="An error occurred while saving the entity changes. See the inner exception for details.")
   at Medical.Client.Services.DoctorServiceGrpc.CreateScheduleAsync(CreateScheduleRequest request) in D:\OtherProjects\MedicalApp\Medical.Client\Services\DoctorService.cs:line 89
2025-01-30 18:14:19.605 +02:00 [ERR] Error creating schedule
Grpc.Core.RpcException: Status(StatusCode="Internal", Detail="An error occurred while saving the entity changes. See the inner exception for details.")
   at Medical.Client.Services.DoctorServiceGrpc.CreateScheduleAsync(CreateScheduleRequest request) in D:\OtherProjects\MedicalApp\Medical.Client\Services\DoctorService.cs:line 89
   at Medical.Client.Models.Schedule.CreateModel.OnPostAsync() in D:\OtherProjects\MedicalApp\Medical.Client\Models\Schedule\CreateModel.cs:line 88
2025-01-30 18:20:30.004 +02:00 [INF] Starting Medical Client web application
2025-01-30 18:20:31.865 +02:00 [INF] User authenticated: true, Role: Doctor, Path: /
2025-01-30 18:20:31.928 +02:00 [INF] User authenticated: true, Role: Doctor
2025-01-30 18:20:34.931 +02:00 [INF] User authenticated: true, Role: Doctor, Path: /Schedule
2025-01-30 18:20:35.088 +02:00 [INF] Getting schedules for doctor 56efbef5-cb95-4ab8-9ea4-86bf366c6355 from 2025-01-30 to 2025-02-28
2025-01-30 18:20:40.654 +02:00 [INF] User authenticated: true, Role: Doctor, Path: /Schedule/Create
2025-01-30 18:20:52.813 +02:00 [INF] User authenticated: true, Role: Doctor, Path: /Schedule/Create
2025-01-30 18:20:52.879 +02:00 [INF] Creating schedule - DayOfWeek: 0, StartTime: "09:00:00", EndTime: "17:00:00"
2025-01-30 18:20:53.129 +02:00 [INF] Call failed with gRPC error status. Status code: '"Internal"', Message: 'An error occurred while saving the entity changes. See the inner exception for details.'.
2025-01-30 18:20:53.137 +02:00 [ERR] Error creating schedule for doctor 56efbef5-cb95-4ab8-9ea4-86bf366c6355
Grpc.Core.RpcException: Status(StatusCode="Internal", Detail="An error occurred while saving the entity changes. See the inner exception for details.")
   at Medical.Client.Services.DoctorServiceGrpc.CreateScheduleAsync(CreateScheduleRequest request) in D:\OtherProjects\MedicalApp\Medical.Client\Services\DoctorService.cs:line 89
2025-01-30 18:20:53.150 +02:00 [ERR] Error creating schedule
Grpc.Core.RpcException: Status(StatusCode="Internal", Detail="An error occurred while saving the entity changes. See the inner exception for details.")
   at Medical.Client.Services.DoctorServiceGrpc.CreateScheduleAsync(CreateScheduleRequest request) in D:\OtherProjects\MedicalApp\Medical.Client\Services\DoctorService.cs:line 89
   at Medical.Client.Models.Schedule.CreateModel.OnPostAsync() in D:\OtherProjects\MedicalApp\Medical.Client\Models\Schedule\CreateModel.cs:line 88
2025-01-30 18:21:22.262 +02:00 [INF] User authenticated: true, Role: Doctor, Path: /Schedule
2025-01-30 18:21:22.266 +02:00 [INF] Getting schedules for doctor 56efbef5-cb95-4ab8-9ea4-86bf366c6355 from 2025-01-30 to 2025-02-28
2025-01-30 18:21:25.049 +02:00 [INF] User authenticated: true, Role: Doctor, Path: /Schedule/Create
2025-01-30 18:21:28.664 +02:00 [INF] User authenticated: true, Role: Doctor, Path: /Schedule/Create
2025-01-30 18:21:28.669 +02:00 [INF] Creating schedule - DayOfWeek: 0, StartTime: "09:00:00", EndTime: "17:00:00"
2025-01-30 18:21:28.771 +02:00 [INF] Call failed with gRPC error status. Status code: '"Internal"', Message: 'An error occurred while saving the entity changes. See the inner exception for details.'.
2025-01-30 18:21:28.773 +02:00 [ERR] Error creating schedule for doctor 56efbef5-cb95-4ab8-9ea4-86bf366c6355
Grpc.Core.RpcException: Status(StatusCode="Internal", Detail="An error occurred while saving the entity changes. See the inner exception for details.")
   at Medical.Client.Services.DoctorServiceGrpc.CreateScheduleAsync(CreateScheduleRequest request) in D:\OtherProjects\MedicalApp\Medical.Client\Services\DoctorService.cs:line 89
2025-01-30 18:21:28.776 +02:00 [ERR] Error creating schedule
Grpc.Core.RpcException: Status(StatusCode="Internal", Detail="An error occurred while saving the entity changes. See the inner exception for details.")
   at Medical.Client.Services.DoctorServiceGrpc.CreateScheduleAsync(CreateScheduleRequest request) in D:\OtherProjects\MedicalApp\Medical.Client\Services\DoctorService.cs:line 89
   at Medical.Client.Models.Schedule.CreateModel.OnPostAsync() in D:\OtherProjects\MedicalApp\Medical.Client\Models\Schedule\CreateModel.cs:line 88
2025-01-30 18:23:30.021 +02:00 [INF] User authenticated: true, Role: Doctor, Path: /Account/Logout
2025-01-30 18:23:30.097 +02:00 [INF] User authenticated: false, Role: , Path: /
2025-01-30 18:23:30.100 +02:00 [INF] User authenticated: false, Role: 
2025-01-30 18:27:19.950 +02:00 [INF] Starting Medical Client web application
2025-01-30 18:27:21.156 +02:00 [INF] User authenticated: false, Role: , Path: /
2025-01-30 18:27:21.206 +02:00 [INF] User authenticated: false, Role: 
2025-01-30 18:27:23.937 +02:00 [INF] User authenticated: false, Role: , Path: /Account/Login
2025-01-30 18:28:08.363 +02:00 [INF] User authenticated: false, Role: , Path: /Account/Login
2025-01-30 18:28:08.884 +02:00 [INF] User authenticated: true, Role: Doctor, Path: /
2025-01-30 18:28:08.887 +02:00 [INF] User authenticated: true, Role: Doctor
2025-01-30 18:28:10.054 +02:00 [INF] User authenticated: true, Role: Doctor, Path: /Schedule
2025-01-30 18:28:10.069 +02:00 [INF] Getting schedules for doctor c59ba6c7-3868-4d08-b84b-bcf232cfe4df from 2025-01-30 to 2025-02-28
2025-01-30 18:28:11.531 +02:00 [INF] User authenticated: true, Role: Doctor, Path: /Schedule/Create
2025-01-30 18:28:16.701 +02:00 [INF] User authenticated: true, Role: Doctor, Path: /Schedule/Create
2025-01-30 18:28:16.722 +02:00 [INF] Creating schedule - DayOfWeek: 1, StartTime: "09:00:00", EndTime: "17:00:00"
2025-01-30 18:28:16.924 +02:00 [INF] User authenticated: true, Role: Doctor, Path: /Schedule
2025-01-30 18:28:16.926 +02:00 [INF] Getting schedules for doctor c59ba6c7-3868-4d08-b84b-bcf232cfe4df from 2025-01-30 to 2025-02-28
2025-01-30 18:28:23.229 +02:00 [INF] User authenticated: true, Role: Doctor, Path: /Schedule/Create
2025-01-30 18:28:30.741 +02:00 [INF] User authenticated: true, Role: Doctor, Path: /Schedule/Create
2025-01-30 18:28:30.744 +02:00 [INF] Creating schedule - DayOfWeek: 0, StartTime: "09:00:00", EndTime: "17:00:00"
2025-01-30 18:28:30.819 +02:00 [INF] User authenticated: true, Role: Doctor, Path: /Schedule
2025-01-30 18:28:30.821 +02:00 [INF] Getting schedules for doctor c59ba6c7-3868-4d08-b84b-bcf232cfe4df from 2025-01-30 to 2025-02-28
2025-01-30 18:28:38.692 +02:00 [INF] User authenticated: true, Role: Doctor, Path: /Schedule
2025-01-30 18:28:38.698 +02:00 [INF] Attempting to delete schedule 0d82a504-e753-4498-b336-faec900455a4
2025-01-30 18:28:38.735 +02:00 [INF] Schedule 0d82a504-e753-4498-b336-faec900455a4 deleted successfully
2025-01-30 18:28:38.745 +02:00 [INF] User authenticated: true, Role: Doctor, Path: /Schedule
2025-01-30 18:28:38.748 +02:00 [INF] Getting schedules for doctor c59ba6c7-3868-4d08-b84b-bcf232cfe4df from 2025-01-30 to 2025-02-28
2025-01-30 18:28:39.639 +02:00 [INF] User authenticated: true, Role: Doctor, Path: /Schedule/Create
2025-01-30 18:28:47.539 +02:00 [INF] User authenticated: true, Role: Doctor, Path: /Schedule/Create
2025-01-30 18:28:47.546 +02:00 [INF] Creating schedule - DayOfWeek: 5, StartTime: "09:00:00", EndTime: "17:00:00"
2025-01-30 18:28:47.711 +02:00 [INF] User authenticated: true, Role: Doctor, Path: /Schedule
2025-01-30 18:28:47.716 +02:00 [INF] Getting schedules for doctor c59ba6c7-3868-4d08-b84b-bcf232cfe4df from 2025-01-30 to 2025-02-28
2025-01-30 18:29:04.866 +02:00 [INF] User authenticated: true, Role: Doctor, Path: /Schedule
2025-01-30 18:29:04.877 +02:00 [INF] Getting schedules for doctor c59ba6c7-3868-4d08-b84b-bcf232cfe4df from 2025-01-30 to 2025-02-28
2025-01-30 18:29:05.825 +02:00 [INF] User authenticated: true, Role: Doctor, Path: /Schedule
2025-01-30 18:29:05.829 +02:00 [INF] Getting schedules for doctor c59ba6c7-3868-4d08-b84b-bcf232cfe4df from 2025-01-30 to 2025-02-28
2025-01-30 18:29:06.231 +02:00 [INF] User authenticated: true, Role: Doctor, Path: /Schedule
2025-01-30 18:29:06.236 +02:00 [INF] Getting schedules for doctor c59ba6c7-3868-4d08-b84b-bcf232cfe4df from 2025-01-30 to 2025-02-28
2025-01-30 18:29:06.620 +02:00 [INF] User authenticated: true, Role: Doctor, Path: /Schedule
2025-01-30 18:29:06.623 +02:00 [INF] Getting schedules for doctor c59ba6c7-3868-4d08-b84b-bcf232cfe4df from 2025-01-30 to 2025-02-28
2025-01-30 18:44:58.324 +02:00 [INF] Starting Medical Client web application
2025-01-30 18:44:59.503 +02:00 [INF] User authenticated: true, Role: Doctor, Path: /
2025-01-30 18:45:00.045 +02:00 [INF] User authenticated: true, Role: Doctor
2025-01-30 18:45:02.274 +02:00 [INF] User authenticated: true, Role: Doctor, Path: /Schedule
2025-01-30 18:45:02.358 +02:00 [INF] Fetching schedules - Doctor: c59ba6c7-3868-4d08-b84b-bcf232cfe4df, Period: 01/30/2025 to 02/28/2025
2025-01-30 18:45:03.606 +02:00 [INF] Found 2 schedules
2025-01-30 18:45:10.846 +02:00 [INF] User authenticated: true, Role: Doctor, Path: /Schedule
2025-01-30 18:45:10.881 +02:00 [INF] Fetching schedules - Doctor: c59ba6c7-3868-4d08-b84b-bcf232cfe4df, Period: 01/30/2025 to 02/28/2025
2025-01-30 18:45:11.009 +02:00 [INF] Found 2 schedules
2025-01-30 18:45:15.014 +02:00 [INF] User authenticated: true, Role: Doctor, Path: /Schedule
2025-01-30 18:45:15.020 +02:00 [INF] Fetching schedules - Doctor: c59ba6c7-3868-4d08-b84b-bcf232cfe4df, Period: 01/31/2025 to 02/28/2025
2025-01-30 18:45:15.052 +02:00 [INF] Found 2 schedules
2025-01-30 18:45:16.406 +02:00 [INF] User authenticated: true, Role: Doctor, Path: /Schedule
2025-01-30 18:45:16.410 +02:00 [INF] Fetching schedules - Doctor: c59ba6c7-3868-4d08-b84b-bcf232cfe4df, Period: 01/30/2025 to 02/28/2025
2025-01-30 18:45:16.435 +02:00 [INF] Found 2 schedules
2025-01-30 18:47:46.860 +02:00 [INF] Starting Medical Client web application
2025-01-30 18:47:48.135 +02:00 [INF] User authenticated: true, Role: Doctor, Path: /
2025-01-30 18:47:48.180 +02:00 [INF] User authenticated: true, Role: Doctor
2025-01-30 18:47:49.627 +02:00 [INF] User authenticated: true, Role: Doctor, Path: /Schedule
2025-01-30 18:47:49.738 +02:00 [INF] Fetching schedules - Doctor: c59ba6c7-3868-4d08-b84b-bcf232cfe4df, Period: 01/29/2025 to 04/29/2025
2025-01-30 18:47:52.261 +02:00 [INF] Found 2 schedules
2025-01-30 18:47:58.885 +02:00 [INF] User authenticated: true, Role: Doctor, Path: /Schedule
2025-01-30 18:47:58.917 +02:00 [INF] Fetching schedules - Doctor: c59ba6c7-3868-4d08-b84b-bcf232cfe4df, Period: 01/30/2025 to 04/29/2025
2025-01-30 18:47:59.088 +02:00 [INF] Found 2 schedules
2025-01-30 18:48:00.200 +02:00 [INF] User authenticated: true, Role: Doctor, Path: /Schedule
2025-01-30 18:48:00.205 +02:00 [INF] Fetching schedules - Doctor: c59ba6c7-3868-4d08-b84b-bcf232cfe4df, Period: 01/30/2025 to 04/29/2025
2025-01-30 18:48:00.245 +02:00 [INF] Found 2 schedules
2025-01-30 18:48:01.215 +02:00 [INF] User authenticated: true, Role: Doctor, Path: /Schedule
2025-01-30 18:48:01.219 +02:00 [INF] Fetching schedules - Doctor: c59ba6c7-3868-4d08-b84b-bcf232cfe4df, Period: 01/29/2025 to 04/29/2025
2025-01-30 18:48:01.242 +02:00 [INF] Found 2 schedules
2025-01-30 18:48:01.858 +02:00 [INF] User authenticated: true, Role: Doctor, Path: /Schedule
2025-01-30 18:48:01.861 +02:00 [INF] Fetching schedules - Doctor: c59ba6c7-3868-4d08-b84b-bcf232cfe4df, Period: 01/29/2025 to 04/29/2025
2025-01-30 18:48:01.890 +02:00 [INF] Found 2 schedules
2025-01-30 18:50:57.307 +02:00 [INF] Starting Medical Client web application
2025-01-30 18:50:58.817 +02:00 [INF] User authenticated: true, Role: Doctor, Path: /
2025-01-30 18:50:58.879 +02:00 [INF] User authenticated: true, Role: Doctor
2025-01-30 18:51:01.361 +02:00 [INF] User authenticated: true, Role: Doctor, Path: /Schedule
2025-01-30 18:51:01.479 +02:00 [INF] Fetching schedules - Doctor: c59ba6c7-3868-4d08-b84b-bcf232cfe4df, Period: 01/30/2025 to 02/28/2025
2025-01-30 18:51:02.861 +02:00 [INF] Found 2 schedules
2025-01-30 18:51:08.262 +02:00 [INF] User authenticated: true, Role: Doctor, Path: /Schedule
2025-01-30 18:51:08.302 +02:00 [INF] Fetching schedules - Doctor: c59ba6c7-3868-4d08-b84b-bcf232cfe4df, Period: 01/30/2025 to 02/28/2025
2025-01-30 18:51:08.427 +02:00 [INF] Found 2 schedules
2025-01-30 18:57:39.446 +02:00 [INF] Starting Medical Client web application
2025-01-30 18:57:41.254 +02:00 [INF] User authenticated: true, Role: Doctor, Path: /
2025-01-30 18:57:41.303 +02:00 [INF] User authenticated: true, Role: Doctor
2025-01-30 18:58:11.040 +02:00 [INF] User authenticated: true, Role: Doctor, Path: /Schedule/Create
2025-01-30 18:58:15.913 +02:00 [INF] User authenticated: true, Role: Doctor, Path: /Schedule
2025-01-30 18:58:15.927 +02:00 [INF] Fetching schedules - Doctor: c59ba6c7-3868-4d08-b84b-bcf232cfe4df, Period: 01/30/2025 to 02/28/2025
2025-01-30 18:58:16.014 +02:00 [INF] Found 2 schedules
2025-01-30 18:58:39.062 +02:00 [INF] User authenticated: true, Role: Doctor, Path: /Schedule
2025-01-30 18:58:39.101 +02:00 [INF] Fetching schedules - Doctor: c59ba6c7-3868-4d08-b84b-bcf232cfe4df, Period: 01/30/2025 to 02/28/2025
2025-01-30 18:58:39.136 +02:00 [INF] Found 2 schedules
2025-01-30 18:58:40.363 +02:00 [INF] User authenticated: true, Role: Doctor, Path: /Schedule
2025-01-30 18:58:40.367 +02:00 [INF] Fetching schedules - Doctor: c59ba6c7-3868-4d08-b84b-bcf232cfe4df, Period: 01/30/2025 to 02/28/2025
2025-01-30 18:58:40.391 +02:00 [INF] Found 2 schedules
2025-01-30 18:58:40.931 +02:00 [INF] User authenticated: true, Role: Doctor, Path: /Schedule
2025-01-30 18:58:40.935 +02:00 [INF] Fetching schedules - Doctor: c59ba6c7-3868-4d08-b84b-bcf232cfe4df, Period: 01/30/2025 to 02/28/2025
2025-01-30 18:58:40.957 +02:00 [INF] Found 2 schedules
2025-01-30 18:58:41.310 +02:00 [INF] User authenticated: true, Role: Doctor, Path: /Schedule
2025-01-30 18:58:41.314 +02:00 [INF] Fetching schedules - Doctor: c59ba6c7-3868-4d08-b84b-bcf232cfe4df, Period: 01/30/2025 to 02/28/2025
2025-01-30 18:58:41.331 +02:00 [INF] Found 2 schedules
2025-01-30 18:58:41.677 +02:00 [INF] User authenticated: true, Role: Doctor, Path: /Schedule
2025-01-30 18:58:41.682 +02:00 [INF] Fetching schedules - Doctor: c59ba6c7-3868-4d08-b84b-bcf232cfe4df, Period: 01/30/2025 to 02/28/2025
2025-01-30 18:58:41.705 +02:00 [INF] Found 2 schedules
2025-01-30 18:58:42.052 +02:00 [INF] User authenticated: true, Role: Doctor, Path: /Schedule
2025-01-30 18:58:42.055 +02:00 [INF] Fetching schedules - Doctor: c59ba6c7-3868-4d08-b84b-bcf232cfe4df, Period: 01/30/2025 to 02/28/2025
2025-01-30 18:58:42.082 +02:00 [INF] Found 2 schedules
2025-01-30 18:58:42.560 +02:00 [INF] User authenticated: true, Role: Doctor, Path: /Schedule
2025-01-30 18:58:42.564 +02:00 [INF] Fetching schedules - Doctor: c59ba6c7-3868-4d08-b84b-bcf232cfe4df, Period: 01/30/2025 to 02/28/2025
2025-01-30 18:58:42.585 +02:00 [INF] Found 2 schedules
2025-01-30 19:01:17.059 +02:00 [INF] Starting Medical Client web application
2025-01-30 19:01:18.662 +02:00 [INF] User authenticated: true, Role: Doctor, Path: /
2025-01-30 19:01:18.710 +02:00 [INF] User authenticated: true, Role: Doctor
2025-01-30 19:01:20.897 +02:00 [INF] User authenticated: true, Role: Doctor, Path: /Schedule
2025-01-30 19:01:21.004 +02:00 [INF] Fetching schedules - Doctor: c59ba6c7-3868-4d08-b84b-bcf232cfe4df, Period: 01/30/2025 to 02/28/2025
2025-01-30 19:01:22.391 +02:00 [INF] Found 2 schedules
2025-01-30 19:01:29.090 +02:00 [INF] User authenticated: true, Role: Doctor, Path: /Schedule
2025-01-30 19:01:29.129 +02:00 [INF] Fetching schedules - Doctor: c59ba6c7-3868-4d08-b84b-bcf232cfe4df, Period: 01/30/2025 to 02/28/2025
2025-01-30 19:01:29.274 +02:00 [INF] Found 2 schedules
2025-01-30 19:01:31.093 +02:00 [INF] User authenticated: true, Role: Doctor, Path: /Schedule
2025-01-30 19:01:31.102 +02:00 [INF] Fetching schedules - Doctor: c59ba6c7-3868-4d08-b84b-bcf232cfe4df, Period: 01/30/2025 to 02/28/2025
2025-01-30 19:01:31.138 +02:00 [INF] Found 2 schedules
2025-01-30 19:01:31.513 +02:00 [INF] User authenticated: true, Role: Doctor, Path: /Schedule
2025-01-30 19:01:31.518 +02:00 [INF] Fetching schedules - Doctor: c59ba6c7-3868-4d08-b84b-bcf232cfe4df, Period: 01/30/2025 to 02/28/2025
2025-01-30 19:01:31.539 +02:00 [INF] Found 2 schedules
2025-01-30 19:04:15.947 +02:00 [INF] Starting Medical Client web application
2025-01-30 19:04:17.397 +02:00 [INF] User authenticated: true, Role: Doctor, Path: /
2025-01-30 19:04:17.441 +02:00 [INF] User authenticated: true, Role: Doctor
2025-01-30 19:04:19.008 +02:00 [INF] User authenticated: true, Role: Doctor, Path: /Schedule
2025-01-30 19:04:19.110 +02:00 [INF] Fetching schedules - Doctor: c59ba6c7-3868-4d08-b84b-bcf232cfe4df, Period: 01/30/2025 to 02/28/2025
2025-01-30 19:04:20.422 +02:00 [INF] Found 2 schedules
2025-01-30 19:04:22.829 +02:00 [INF] User authenticated: true, Role: Doctor, Path: /Schedule
2025-01-30 19:04:22.864 +02:00 [INF] Fetching schedules - Doctor: c59ba6c7-3868-4d08-b84b-bcf232cfe4df, Period: 01/30/2025 to 02/28/2025
2025-01-30 19:04:22.990 +02:00 [INF] Found 2 schedules
2025-01-30 19:04:23.658 +02:00 [INF] User authenticated: true, Role: Doctor, Path: /Schedule
2025-01-30 19:04:23.664 +02:00 [INF] Fetching schedules - Doctor: c59ba6c7-3868-4d08-b84b-bcf232cfe4df, Period: 01/30/2025 to 02/28/2025
2025-01-30 19:04:23.696 +02:00 [INF] Found 2 schedules
2025-01-30 19:04:24.021 +02:00 [INF] User authenticated: true, Role: Doctor, Path: /Schedule
2025-01-30 19:04:24.026 +02:00 [INF] Fetching schedules - Doctor: c59ba6c7-3868-4d08-b84b-bcf232cfe4df, Period: 01/30/2025 to 02/28/2025
2025-01-30 19:04:24.049 +02:00 [INF] Found 2 schedules
2025-01-30 19:06:56.320 +02:00 [INF] Starting Medical Client web application
2025-01-30 19:06:58.056 +02:00 [INF] User authenticated: true, Role: Doctor, Path: /
2025-01-30 19:06:58.116 +02:00 [INF] User authenticated: true, Role: Doctor
2025-01-30 19:06:59.395 +02:00 [INF] User authenticated: true, Role: Doctor, Path: /Schedule
2025-01-30 19:06:59.498 +02:00 [INF] Getting schedules for doctor c59ba6c7-3868-4d08-b84b-bcf232cfe4df
2025-01-30 19:07:05.470 +02:00 [INF] User authenticated: true, Role: Doctor, Path: /Schedule
2025-01-30 19:07:05.500 +02:00 [INF] Attempting to delete schedule 99221e79-e7aa-49cc-ab8f-3b2a1e25590b
2025-01-30 19:07:06.063 +02:00 [INF] Schedule 99221e79-e7aa-49cc-ab8f-3b2a1e25590b deleted successfully
2025-01-30 19:07:06.087 +02:00 [INF] User authenticated: true, Role: Doctor, Path: /Schedule
2025-01-30 19:07:06.092 +02:00 [INF] Getting schedules for doctor c59ba6c7-3868-4d08-b84b-bcf232cfe4df
2025-01-30 19:07:08.256 +02:00 [INF] User authenticated: true, Role: Doctor, Path: /Schedule/Create
2025-01-30 19:07:15.191 +02:00 [INF] User authenticated: true, Role: Doctor, Path: /Schedule/Create
2025-01-30 19:07:15.214 +02:00 [INF] Creating schedule - DayOfWeek: 6, StartTime: "09:00:00", EndTime: "17:00:00"
2025-01-30 19:07:15.504 +02:00 [INF] User authenticated: true, Role: Doctor, Path: /Schedule
2025-01-30 19:07:15.506 +02:00 [INF] Getting schedules for doctor c59ba6c7-3868-4d08-b84b-bcf232cfe4df
2025-01-30 19:07:24.539 +02:00 [INF] User authenticated: true, Role: Doctor, Path: /Schedule/Create
2025-01-30 19:07:41.568 +02:00 [INF] User authenticated: true, Role: Doctor, Path: /Schedule/Create
2025-01-30 19:07:41.574 +02:00 [INF] Creating schedule - DayOfWeek: 3, StartTime: "09:00:00", EndTime: "17:00:00"
2025-01-30 19:07:41.869 +02:00 [INF] User authenticated: true, Role: Doctor, Path: /Schedule
2025-01-30 19:07:41.871 +02:00 [INF] Getting schedules for doctor c59ba6c7-3868-4d08-b84b-bcf232cfe4df
2025-01-30 19:08:29.854 +02:00 [INF] User authenticated: true, Role: Doctor, Path: /
2025-01-30 19:08:29.858 +02:00 [INF] User authenticated: true, Role: Doctor
2025-01-30 19:08:30.434 +02:00 [INF] User authenticated: true, Role: Doctor, Path: /Schedule
2025-01-30 19:08:30.446 +02:00 [INF] Getting schedules for doctor c59ba6c7-3868-4d08-b84b-bcf232cfe4df
2025-01-30 19:11:02.636 +02:00 [INF] User authenticated: true, Role: Doctor, Path: /Schedule
2025-01-30 19:11:02.640 +02:00 [INF] Attempting to delete schedule 86a6e3be-66ae-4860-9646-88140085305a
2025-01-30 19:11:02.689 +02:00 [INF] Schedule 86a6e3be-66ae-4860-9646-88140085305a deleted successfully
2025-01-30 19:11:02.703 +02:00 [INF] User authenticated: true, Role: Doctor, Path: /Schedule
2025-01-30 19:11:02.707 +02:00 [INF] Getting schedules for doctor c59ba6c7-3868-4d08-b84b-bcf232cfe4df
2025-01-30 19:11:05.107 +02:00 [INF] User authenticated: true, Role: Doctor, Path: /Schedule
2025-01-30 19:11:05.111 +02:00 [INF] Attempting to delete schedule aaa21877-f5f5-4ee6-9355-ea06a1cd7d12
2025-01-30 19:11:05.136 +02:00 [INF] Schedule aaa21877-f5f5-4ee6-9355-ea06a1cd7d12 deleted successfully
2025-01-30 19:11:05.155 +02:00 [INF] User authenticated: true, Role: Doctor, Path: /Schedule
2025-01-30 19:11:05.159 +02:00 [INF] Getting schedules for doctor c59ba6c7-3868-4d08-b84b-bcf232cfe4df
2025-01-30 19:11:06.993 +02:00 [INF] User authenticated: true, Role: Doctor, Path: /Schedule
2025-01-30 19:11:06.997 +02:00 [INF] Attempting to delete schedule 31476330-6a51-4036-ac6e-580d3f00aa1d
2025-01-30 19:11:07.037 +02:00 [INF] Schedule 31476330-6a51-4036-ac6e-580d3f00aa1d deleted successfully
2025-01-30 19:11:07.059 +02:00 [INF] User authenticated: true, Role: Doctor, Path: /Schedule
2025-01-30 19:11:07.062 +02:00 [INF] Getting schedules for doctor c59ba6c7-3868-4d08-b84b-bcf232cfe4df
2025-01-30 19:11:08.624 +02:00 [INF] User authenticated: true, Role: Doctor, Path: /Schedule/Create
2025-01-30 19:11:21.999 +02:00 [INF] User authenticated: true, Role: Doctor, Path: /Schedule/Create
2025-01-30 19:11:22.002 +02:00 [INF] Creating schedule - DayOfWeek: 1, StartTime: "09:00:00", EndTime: "17:00:00"
2025-01-30 19:11:22.097 +02:00 [INF] User authenticated: true, Role: Doctor, Path: /Schedule
2025-01-30 19:11:22.100 +02:00 [INF] Getting schedules for doctor c59ba6c7-3868-4d08-b84b-bcf232cfe4df
2025-01-30 19:15:57.084 +02:00 [INF] Starting Medical Client web application
2025-01-30 19:15:58.721 +02:00 [INF] User authenticated: true, Role: Doctor, Path: /
2025-01-30 19:15:58.771 +02:00 [INF] User authenticated: true, Role: Doctor
2025-01-30 19:16:03.623 +02:00 [INF] User authenticated: true, Role: Doctor, Path: /Schedule
2025-01-30 19:16:03.730 +02:00 [INF] Getting schedules for doctor c59ba6c7-3868-4d08-b84b-bcf232cfe4df
2025-01-30 19:16:08.866 +02:00 [INF] User authenticated: true, Role: Doctor, Path: /Schedule/Create
2025-01-30 19:16:26.239 +02:00 [INF] User authenticated: true, Role: Doctor, Path: /Schedule/Create
2025-01-30 19:16:26.287 +02:00 [INF] Creating schedule - DayOfWeek: 5, StartTime: "09:00:00", EndTime: "18:00:00"
2025-01-30 19:16:26.723 +02:00 [INF] User authenticated: true, Role: Doctor, Path: /Schedule
2025-01-30 19:16:26.725 +02:00 [INF] Getting schedules for doctor c59ba6c7-3868-4d08-b84b-bcf232cfe4df
2025-01-30 19:17:07.693 +02:00 [INF] User authenticated: true, Role: Doctor, Path: /Schedule/Create
2025-01-30 19:17:12.028 +02:00 [INF] User authenticated: true, Role: Doctor, Path: /Schedule
2025-01-30 19:17:12.031 +02:00 [INF] Getting schedules for doctor c59ba6c7-3868-4d08-b84b-bcf232cfe4df
2025-01-30 19:17:18.115 +02:00 [INF] User authenticated: true, Role: Doctor, Path: /Schedule/Create
2025-01-30 19:17:32.192 +02:00 [INF] User authenticated: true, Role: Doctor, Path: /Schedule
2025-01-30 19:17:32.196 +02:00 [INF] Getting schedules for doctor c59ba6c7-3868-4d08-b84b-bcf232cfe4df
2025-01-30 19:17:39.463 +02:00 [INF] User authenticated: true, Role: Doctor, Path: /Appointments/MyAppointments
2025-01-30 19:17:39.482 +02:00 [INF] Requesting appointments for PatientId: 
2025-01-30 19:17:39.545 +02:00 [INF] Received 0 appointments
2025-01-30 19:17:42.057 +02:00 [INF] User authenticated: true, Role: Doctor, Path: /Appointments/DoctorSchedule
2025-01-30 19:17:42.065 +02:00 [INF] Requesting appointments for PatientId: 
2025-01-30 19:17:42.075 +02:00 [INF] Received 0 appointments
2025-01-30 19:18:10.416 +02:00 [INF] User authenticated: true, Role: Doctor, Path: /Schedule
2025-01-30 19:18:10.420 +02:00 [INF] Getting schedules for doctor c59ba6c7-3868-4d08-b84b-bcf232cfe4df
